S. No.,Method,Acc,Instrument,Qty,Buy Price,Sell Price,Stop Loss,Buy Date,Sell Date
1,GEM,UT0149,TITANBIO,135,149.96,402.2,0,01-01-21,29-06-21
2,GEM,RA1144,IDFCFIRSTB,"1,169",55.9,49.3,,01-01-21,05-09-22
3,MISC,UT0149,TRANSPEK,24,"1,573.74","1,649.20",,01-01-21,28-06-21
4,MISC,UT0149,BECTORFOOD,119,418.84,416.2,,01-02-21,10-11-22
5,MISC,UT0149,BHARTIARTL,35,586.49,599.9,,01-02-21,05-08-21
6,MISC,RA1144,GLOBUSSPR,90,358.36,508.2,,22-02-21,22-06-21
7,MISC,UT0149,VALIANTORG,39,"1,588.99",486.7,,05-04-21,10-01-24
8,GEM,UT0149,IOLCP,80,620.7,452.5,,05-04-21,05-06-23
9,3*3,UT0149,ASIANTILES,"2,376",0,7.25,,05-04-21,26-04-22
10,GEM,UT0149,MUTHOOTFIN,40,"1,259.45","1,488.20",,05-04-21,29-06-21
11,GEM,UT0149,PIXTRANS,37,365.2,642.2,,05-04-21,29-06-21
12,3*3,RA1144,ASIANTILES,"4,298",0,7.25,,05-04-21,26-04-22
13,GEM,RA1144,AXTEL,336,298.06,345.7,,05-04-21,29-06-21
14,MISC,UT0149,DIAMINESQ,160,318.2,348.7,,05-04-21,27-07-22
15,GEM,RA1144,BAJAJST,195,517.01,790.2,,05-04-21,29-06-21
16,MISC,RA1144,BECTORFOOD,15,342.2,403.2,,05-04-21,01-07-21
17,GEM,RA1144,DIAMINESQ,243,280.17,276.07,,05-04-21,29-06-21
18,MISC,UT0149,ESCORTS,64,"1,249.78","1,511.48",,05-04-21,23-09-21
19,GEM,UT0149,EVERESTO,175,238.9,339.68,,05-04-21,28-06-21
20,GEM,UT0149,FRONTSP,140,291,297.2,,05-04-21,12-07-21
21,GEM,UT0149,GUJTHEM,60,221.97,325.2,,05-04-21,28-06-21
22,MISC,RA1144,ESCORTS,64,"1,182.64","1,440.20",,05-04-21,14-09-21
23,GEM,RA1144,EVERESTO,202,316.51,342.32,,05-04-21,29-06-21
24,GEM,RA1144,FRONTSP,222,268.21,277.2,,05-04-21,29-06-21
25,GEM,RA1144,GARFIBRES,38,"2,682.63","3,400.20",,05-04-21,29-06-21
26,GEM,RA1144,GOLDIAM,272,367.93,459.9,,05-04-21,29-06-21
27,GEM,RA1144,GUJTHEM,381,229.38,308.2,,05-04-21,29-06-21
28,GEM,RA1144,IOLCP,157,641.12,467.1,,05-04-21,10-01-24
29,GEM,RA1144,KANCHI,112,894.57,419.28,,05-04-21,05-06-23
30,GEM,RA1144,MANORG,196,632.89,775.7,,05-04-21,29-06-21
31,GEM,UT0149,MANORG,28,529.2,778.2,,05-04-21,28-06-21
32,GEM,RA1144,MUTHOOTFIN,86,"1,169.60","1,487.20",,05-04-21,29-06-21
33,GEM,RA1144,PIXTRANS,216,402.81,623.2,,05-04-21,29-06-21
34,GEM,RA1144,POLYCAB,67,"1,514.26","1,975.20",,05-04-21,29-06-21
35,GEM,RA1144,RESONANCE,366,137.05,144.8,,05-04-21,29-06-21
36,GEM,RA1144,SAKSOFT,196,483.94,534.2,,05-04-21,29-06-21
37,GEM,RA1144,SHRJAGP,111,607.15,809.36,,05-04-21,29-06-21
38,GEM,UT0149,RESONANCE,365,136.9,147.6,,05-04-21,28-06-21
39,GEM,UT0149,SAKSOFT,31,470.94,537.2,,05-04-21,28-06-21
40,GEM,UT0149,SHRJAGP,65,524.74,809.2,,05-04-21,28-06-21
41,GEM,RA1144,TITANBIO,378,211.06,402.2,,05-04-21,29-06-21
42,MISC,RA1144,VALIANTORG,26,"1,500.16","1,824.40",,05-04-21,10-01-24
43,GEM,RA1144,VALIANTORG,6,"1,465.86",486.7,,05-04-21,01-07-21
44,3*3,RA1144,BANKINDIA,442,79.94,62.6,,01-06-21,03-11-22
45,MISC,UT0149,NUCLEUS,43,593.91,603.2,,19-06-21,29-06-21
46,MISC,UT0149,TRITURBINE,80,121.2,121.2,,19-06-21,29-06-21
47,3*3,UT0149,PNB,607,41.89,53.3,,21-06-21,22-12-22
48,MISC,UT0149,5PAISA,23,433.2,507.2,,21-06-21,16-07-21
49,MISC,UT0149,HATHWAY,930,26.95,27.9,,21-06-21,12-07-21
50,MISC,UT0149,J&KBANK,185,41.2,43.2,,21-06-21,13-01-22
51,MISC,UT0149,SIS,351,429.84,473.2,,21-06-21,08-07-21
52,MISC,UT0149,UNIONBANK,693,36.56,37.1,,21-06-21,12-07-21
53,MISC,UT0149,M&MFIN,624,161.37,182.4,,28-06-21,02-05-22
54,3*3,RA1144,ASIANTILES,55,183.52,186.1,,28-06-21,02-07-21
55,MISC,RA1144,BANKBARODA,"1,743",86.02,96.55,,28-06-21,22-10-21
56,MISC,RA1144,GRANULES,451,333.71,382.9,,28-06-21,16-07-21
57,MISC,RA1144,INDIAMART,42,"3,612.77","3,277.70",,28-06-21,07-09-23
58,MISC,RA1144,MAHSCOOTER,39,"3,799.87","4,410.00",,28-06-21,13-08-21
59,3*3,RA1144,UJJIVANSFB,"4,488",24.84,26.3,,28-06-21,03-11-22
60,3*3,RA1144,VAIBHAVGBL,185,814.59,"1,040.00",,28-06-21,
61,MISC,RA1144,AARTIDRUGS,211,707.31,478.2,,01-07-21,06-03-24
62,3*3,UT0149,ASIANTILES,807,186.21,44.04,,01-07-21,06-05-25
63,3*3,UT0149,SYMPHONY,145,"1,037.09","1,118.20",,01-07-21,24-02-23
64,MISC,RA1144,ATULAUTO,128,199.54,211.2,,01-07-21,29-07-21
65,MISC,RA1144,FDC,425,352.47,297.05,,01-07-21,05-06-23
66,MISC,RA1144,GULFOILLUB,217,690.19,679.7,,01-07-21,18-12-23
67,MISC,RA1144,WHIRLPOOL,67,"2,240.44","1,235.77",,01-07-21,06-03-24
68,MISC,RA1144,M&MFIN,479,156.4,182.4,,02-07-21,02-05-22
69,MISC,RA1144,M&MFIN,478,157.2,185,,02-07-21,30-09-21
70,MISC,RA1144,IDFC,"2,350",53.2,53.4,,03-07-21,07-07-21
71,MISC,RA1144,BAJAJCON,520,288.7,227.05,,05-07-21,10-01-24
72,MISC,RA1144,GEPIL,140,356.2,156.1,,05-07-21,05-06-23
73,3*3,RA1144,HDFCAMC,52,"2,872.20","3,165.60",,05-07-21,20-12-23
74,MISC,RA1144,SUNTV,100,527.2,569.55,,05-07-21,30-07-21
75,MISC,RA1144,RAJESHEXPO,254,590.2,"1,000.00",,07-07-21,28-07-21
76,MISC,RA1144,COFFEEDAY,"2,307",46.74,43.2,,08-07-21,28-07-21
77,MISC,UT0149,RBLBANK,412,217.6,229.1,,12-07-21,25-08-23
78,3*3,RA1144,ASIANTILES,457,185.5,621,,14-07-21,
79,MISC,RA1144,PNB,"1,228",40.8,39.65,,14-07-21,28-07-21
80,MISC,RA1144,SYMPHONY,46,"1,072.20","1,030.20",,14-07-21,28-07-21
81,3*3,RA1144,UNIONBANK,"1,355",36.9,43.3,,14-07-21,05-09-22
82,3*3,UT0149,TVTODAY,230,301.24,389.1,,16-07-21,04-02-22
83,MISC,RA1144,GIPCL,653,91.34,102.2,,16-07-21,28-07-21
84,MISC,RA1144,SAMMAANCAP,253,274.72,287.2,,16-07-21,28-07-21
85,MISC,UT0149,BATAINDIA,38,"1,614.96","1,694.25",,19-07-21,02-08-21
86,3*3,UT0149,SAMMAANCAP,230,271.49,117.71,,19-07-21,06-05-25
87,MISC,UT0149,PNBHOUSING,87,706.51,536.28,,19-07-21,05-06-23
88,MISC,UT0149,MASFIN,96,861.76,922.7,,19-07-21,07-11-22
89,MISC,UT0149,SUNTV,114,532.99,569.55,,19-07-21,30-07-21
90,MISC,UT0149,MAZDOCK,240,260.2,296.96,,19-07-21,03-11-21
91,MISC,UT0149,PNBGILTS,859,73.28,73.3,,19-07-21,22-08-22
92,3*3,UT0149,VAIBHAVGBL,139,797.52,217.8,,22-07-21,06-05-25
93,MISC,UT0149,ITC,360,209.41,214.78,,22-07-21,26-07-21
94,MISC,RA1144,AFFLE,12,"4,340.20","5,365.20",,26-07-21,27-09-21
95,GEM,A01144,AMNPLST,241,124.27,98,,26-07-21,05-06-23
96,GEM,A01144,IOLCP,40,690.75,450.09,,26-07-21,05-06-23
97,MISC,A01144,SAHYADRI,12,798.2,340.57,,26-07-21,05-06-23
98,GEM,A01144,ASALCBR,131,461,524.7,,26-07-21,10-01-22
99,GEM,A01144,GLOBUSSPR,10,730.2,"1,503.80",,26-07-21,10-01-22
100,GEM,A01144,MANALIPETC,630,95.3,115.2,,26-07-21,10-01-22
101,GEM,A01144,GOLDIAM,47,594.84,"1,018.50",,26-07-21,14-09-21
102,GEM,A01144,TITANBIO,87,344.47,345,,26-07-21,14-09-21
103,MISC,RA1144,MASFIN,62,805.2,830.2,,26-07-21,19-10-22
104,3*3,RA1144,ASIANTILES,450,178.2,621,,27-07-21,
105,MISC,UT0149,LICHSGFIN,178,421.51,422.9,,27-07-21,05-09-22
106,3*3,RA1144,ATULAUTO,335,213.05,253.2,,27-07-21,13-10-22
107,MISC,UT0149,ATGL,52,894.43,"1,260.70",,27-07-21,27-08-21
108,3*3,RA1144,COFFEEDAY,"1,930",39.3,52.4,,27-07-21,05-09-22
109,3*3,RA1144,DEN,"1,369",51.25,50.25,,27-07-21,18-09-23
110,3*3,RA1144,FORCEMOT,50,"1,489.85","1,575.20",,27-07-21,15-09-21
111,3*3,RA1144,GIPCL,"2,155",92.92,103.2,,27-07-21,21-04-22
112,3*3,RA1144,HATHWAY,"2,760",25.4,24.85,,27-07-21,08-01-24
113,MISC,RA1144,HDFCBANK,35,"1,458.30","1,547.35",,27-07-21,14-09-21
114,3*3,RA1144,INDIANB,415,138.85,167.95,,27-07-21,30-05-22
115,3*3,RA1144,JPPOWER,"12,591",4.8,21,,27-07-21,08-02-24
116,GEM,RA1144,KOTAKBANK,29,"1,722.95","1,875.75",,27-07-21,14-09-21
117,MISC,UT0149,NEWGEN,80,612.62,636.2,,27-07-21,13-01-22
118,3*3,RA1144,PNB,"2,050",33.05,53.3,,27-07-21,22-12-22
119,3*3,RA1144,RAJESHEXPO,118,596.95,"1,000.00",,27-07-21,14-09-21
120,3*3,RA1144,SAMMAANCAP,257,272.7,187.2,,27-07-21,12-09-23
121,3*3,RA1144,SYMPHONY,101,"1,002.35","1,118.20",,27-07-21,24-02-23
122,3*3,RA1144,UJJIVAN,304,230.5,200.95,,27-07-21,05-09-22
123,3*3,RA1144,UJJIVANSFB,"2,530",28,26.3,,27-07-21,03-11-22
124,3*3,RA1144,UNIONBANK,"1,960",36.15,43.3,,27-07-21,05-09-22
125,3*3,RA1144,WELCORP,381,133.8,179.5,,27-07-21,07-01-22
126,3*3,RA1144,YESBANK,"8,050",12.94,14.05,,27-07-21,10-01-22
127,MISC,RA1144,HAL,145,"1,029.75","1,314.82",,28-07-21,27-08-21
128,MISC,UT0149,DCMSHRIRAM,54,937.2,"1,200.65",,30-07-21,06-10-21
129,GEM,A01144,KILPEST,122,576.04,400.04,,06-08-21,05-06-23
130,GEM,A01144,KOPRAN,211,217.02,323.2,,09-08-21,10-01-22
131,3*3,RA1144,CANBK,100,153,155.9,,12-08-21,14-09-21
132,MISC,RA1144,ZEEL,542,171.53,240.2,,20-08-21,14-09-21
133,3*3,A01144,JPPOWER,"7,741",3.87,4.15,,23-08-21,14-09-21
134,3*3,UT0149,TATAMOTORS,36,277.52,306.5,,23-08-21,14-09-21
135,3*3,A01144,WELCORP,427,114.95,123.65,,23-08-21,14-09-21
136,3*3,UT0149,NMDC,340,155.18,155.18,,24-08-21,05-06-23
137,GEM,UT0149,IDFCFIRSTB,"1,165",43,49.8,,24-08-21,05-09-22
138,3*3,A01144,ATULAUTO,147,194.92,201.7,,24-08-21,14-09-21
139,3*3,A01144,CANBK,546,155.08,156.1,,24-08-21,14-09-21
140,3*3,A01144,DEN,636,46.95,50.8,,24-08-21,14-09-21
141,3*3,A01144,FORCEMOT,20,"1,274.35","1,433.90",,24-08-21,14-09-21
142,3*3,A01144,HATHWAY,"2,356",23.33,24.75,,24-08-21,14-09-21
143,3*3,UT0149,GEOJITFSL,657,76.3,80.1,,24-08-21,19-12-23
144,MISC,UT0149,TECHNOE,183,273.75,294.2,,24-08-21,22-04-22
145,MISC,UT0149,ASTRAZEN,24,"3,087.20","3,115.20",,30-08-21,01-08-22
146,MISC,UT0149,JCHAC,34,"2,196.70","1,277.00",,30-08-21,10-01-24
147,MISC,UT0149,KIRLOSIND,51,"1,426.30","1,472.20",,30-08-21,18-02-22
148,MISC,UT0149,NBCC,676,44.35,51.3,,30-08-21,13-01-22
149,3*3,RA1144,JPPOWER,"4,938",4.05,21,,31-08-21,08-02-24
150,3*3,RA1144,BANKINDIA,546,64.2,62.6,,01-09-21,03-11-22
151,3*3,RA1144,COFFEEDAY,"2,659",28.2,52.4,,01-09-21,05-09-22
152,3*3,RA1144,JPPOWER,"3,797",3.95,21,,01-09-21,08-02-24
153,3*3,RA1144,PNB,"1,180",37.2,53.3,,01-09-21,22-12-22
154,3*3,RA1144,UNIONBANK,820,35.6,43.3,,01-09-21,05-09-22
155,3*3,RA1144,EQUITAS,401,123.2,123.2,,03-09-21,03-09-21
156,3*3,RA1144,EQUITASBNK,"4,723",52.94,85.7,,03-09-21,12-09-23
157,3*3,RA1144,JSWISPL,"4,587",32.7,29.78,,03-09-21,03-11-22
158,3*3,A01144,BANKINDIA,496,59.87,62.4,,06-09-21,03-11-22
159,3*3,A01144,EQUITAS,407,124.86,127.95,,06-09-21,14-09-21
160,3*3,A01144,GIPCL,281,84.05,83.95,,06-09-21,14-09-21
161,3*3,A01144,INDIANB,340,124.79,127.4,,06-09-21,14-09-21
162,3*3,A01144,RAJESHEXPO,50,589.37,"1,000.00",,06-09-21,14-09-21
163,MISC,A01144,ZEEL,38,181.06,236.8,,06-09-21,14-09-21
164,MISC,UT0149,DOLATALGO,712,98.25,69.7,,07-09-21,10-01-24
165,MISC,UT0149,FSL,368,191.7,130.3,,07-09-21,05-06-23
166,3*3,A01144,MAHABANK,"2,625",19.07,20.5,,07-09-21,14-01-22
167,3*3,A01144,SAMMAANCAP,77,228.46,234.55,,07-09-21,14-09-21
168,GEM,A01144,KANCHI,30,846.16,874.41,,07-09-21,14-09-21
169,3*3,A01144,SUNTV,206,486.95,509.15,,07-09-21,14-09-21
170,GEM,A01144,TITANBIO,76,333.08,344.95,,07-09-21,14-09-21
171,3*3,A01144,UJJIVAN,211,142.76,161.3,,07-09-21,14-09-21
172,MISC,UT0149,IIFLSEC,380,91.55,93.4,,07-09-21,16-12-21
173,MISC,UT0149,NUCLEUS,128,543.69,566.7,,07-09-21,13-01-22
174,3*3,RA1144,DEN,580,51.8,50.25,,15-09-21,18-09-23
175,3*3,RA1144,HATHWAY,"1,182",25.4,24.85,,15-09-21,08-01-24
176,GEM,RA1144,TITANBIO,145,345.2,266,,15-09-21,05-06-23
177,3*3,RA1144,JPPOWER,"11,957",4.6,21,,16-09-21,08-02-24
178,GEM,RA1144,MANALIPETC,395,101.1,116.4,,16-09-21,10-01-22
179,3*3,RA1144,TVTODAY,454,288.46,389.1,,16-09-21,04-02-22
180,MISC,A01144,SOLARA,15,"1,652.20",330.35,,17-09-21,19-12-23
181,MISC,UT0149,PRINCEPIPE,14,710.2,636.75,,17-09-21,05-06-23
182,MISC,UT0149,HDFCBANK,6,"1,587.20","1,545.20",,17-09-21,11-11-22
183,GEM,RA1144,SHYAMMETL,63,399.9,293.75,,17-09-21,05-06-23
184,MISC,UT0149,TATAMOTORS,33,308.75,499.7,,17-09-21,13-01-22
185,3*3,RA1144,DISHTV,"2,422",20.65,21,,22-09-21,23-09-22
186,3*3,RA1144,SAMMAANCAP,82,214.2,187.2,,22-09-21,12-09-23
187,3*3,RA1144,SUNTV,50,509.7,524.73,,22-09-21,20-09-22
188,MISC,UT0149,TATACHEM,10,819,990.2,,22-09-21,13-01-22
189,MISC,UT0149,TATAPOWER,59,137.6,237.85,,22-09-21,13-01-22
190,3*3,RA1144,UJJIVAN,196,152.7,200.95,,22-09-21,05-09-22
191,GEM,RA1144,IDFCFIRSTB,735,47.05,49.3,,24-09-21,05-09-22
192,MISC,UT0149,MARKSANS,"1,385",69.7,71.47,,24-09-21,27-03-23
193,3*3,RA1144,JSWSTEEL,153,654.44,667.2,,27-09-21,04-08-22
194,3*3,RA1144,SAIL,460,108.7,83.85,,27-09-21,05-06-23
195,3*3,RA1144,SUNTV,35,511.2,524.73,,27-09-21,20-09-22
196,3*3,RA1144,TATASTEEL,79,"1,274.37","1,341.20",,27-09-21,18-04-22
197,3*3,RA1144,EQUITAS,5,122.7,122.7,,28-09-21,03-09-21
198,3*3,RA1144,SAIL,454,110.2,83.85,,28-09-21,05-06-23
199,3*3,RA1144,SUNTV,114,498.19,524.73,,28-09-21,20-09-22
200,MISC,RA1144,ALKYLAMINE,26,"3,865.20","2,507.57",,29-09-21,10-01-24
201,GEM,RA1144,IDFCFIRSTB,"2,112",47.35,49.3,,29-09-21,05-09-22
202,3*3,RA1144,EQUITAS,414,120.9,120.9,,30-09-21,03-09-21
203,GEM,RA1144,KILPEST,166,482.72,505.81,,30-09-21,07-01-22
204,3*3,RA1144,NMDC,"1,022",144.2,144.2,,04-10-21,05-06-23
205,3*3,RA1144,BANKINDIA,"1,765",56.7,62.6,,07-10-21,03-11-22
206,MISC,RA1144,CAMS,97,"3,102.20","3,107.61",,07-10-21,16-04-24
207,3*3,RA1144,COFFEEDAY,"3,096",32.3,52.4,,07-10-21,05-09-22
208,3*3,RA1144,DEN,995,50.3,50.25,,07-10-21,18-09-23
209,3*3,RA1144,EQUITAS,855,122.7,122.7,,07-10-21,03-09-21
210,3*3,RA1144,FORCEMOT,99,"1,521.10","1,527.20",,07-10-21,22-11-22
211,3*3,RA1144,HATHWAY,"1,927",26.1,24.85,,07-10-21,08-01-24
212,3*3,RA1144,HDFCAMC,17,"2,914.70","3,165.60",,07-10-21,20-12-23
213,GEM,RA1144,IDFCFIRSTB,"2,088",47.95,49.3,,07-10-21,05-09-22
214,3*3,RA1144,INDIANB,668,139.4,167.95,,07-10-21,30-05-22
215,3*3,RA1144,JPPOWER,"34,483",4.35,21,,07-10-21,08-02-24
216,3*3,RA1144,KSCL,438,571.7,573.4,,07-10-21,12-09-23
217,3*3,RA1144,PNB,"6,230",40.15,53.3,,07-10-21,22-12-22
218,3*3,RA1144,SYMPHONY,45,"1,083.20","1,118.20",,07-10-21,24-02-23
219,3*3,RA1144,UNIONBANK,"2,711",37.05,43.3,,07-10-21,05-09-22
220,3*3,RA1144,ATULAUTO,548,235.9,253.2,,08-10-21,13-10-22
221,MISC,UT0149,RBLBANK,55,192.4,229.1,,08-10-21,25-08-23
222,MISC,RA1144,DOLATALGO,869,92.3,60.57,,08-10-21,04-11-23
223,3*3,UT0149,GEOJITFSL,622,80.3,80.1,,08-10-21,19-12-23
224,3*3,RA1144,EQUITAS,370,121.95,121.95,,08-10-21,03-09-21
225,3*3,RA1144,JMFINANCIL,"2,190",91.35,95.35,,08-10-21,06-09-23
226,MISC,RA1144,MARKSANS,"1,454",71.2,71.6,,08-10-21,20-03-23
227,3*3,RA1144,SPANDANA,359,557.7,560.2,,08-10-21,01-09-22
228,3*3,RA1144,SUNTV,185,541.7,524.73,,08-10-21,20-09-22
229,3*3,RA1144,ASIANTILES,299,100,621,,22-10-21,
230,3*3,RA1144,ASIANTILES,294,100,621,,22-10-21,
231,3*3,UT0149,ASIANTILES,528,100,44.04,,22-10-21,06-05-25
232,3*3,RA1144,MIRZAINT,"2,686",62.7,176.7,,26-10-21,11-03-22
233,MISC,UT0149,HINDUNILVR,17,"2,369.20","2,513.00",,01-11-21,07-07-22
234,3*3,RA1144,DEN,"1,114",44.85,50.25,,01-11-21,18-09-23
235,3*3,RA1144,FORCEMOT,35,"1,422.70","1,527.20",,01-11-21,22-11-22
236,3*3,RA1144,HATHWAY,"2,290",21.8,24.85,,01-11-21,08-01-24
237,3*3,RA1144,JSWISPL,"1,707",29.3,29.78,,01-11-21,03-11-22
238,3*3,UT0149,SAMMAANCAP,219,228.7,117.71,,04-11-21,06-05-25
239,MISC,UT0149,DOLATALGO,7,90.9,69.7,,04-11-21,10-01-24
240,MISC,UT0149,VALIANTORG,15,"1,317.20",486.7,,04-11-21,10-01-24
241,3*3,UT0149,PNB,7,42,53.3,,04-11-21,22-12-22
242,GEM,UT0149,IDFCFIRSTB,7,51.1,49.8,,04-11-21,05-09-22
243,3*3,RA1144,TATASTEEL,79,"1,253.60","1,341.20",,16-11-21,18-04-22
244,3*3,RA1144,CANBK,507,216.1,225.2,,23-11-21,21-07-22
245,3*3,RA1144,VAIBHAVGBL,175,505.7,"1,040.00",,29-11-21,
246,3*3,RA1144,JMFINANCIL,713,70.2,95.35,,02-12-21,06-09-23
247,MISC,UT0149,COLPAL,28,"1,441.70","1,644.20",,16-12-21,02-05-22
248,MISC,UT0149,HDFCBANK,15,"1,512.70","1,545.20",,16-12-21,11-11-22
249,MISC,RA1144,SHRIRAMCIT,118,"1,692.70","1,759.20",,24-12-21,31-12-21
250,MISC,RA1144,REPCOHOME,621,266.2,269.86,,31-12-21,06-01-22
251,3*3,RA1144,BAJAJHIND,"2,740",15.7,22.4,,04-01-22,23-08-23
252,3*3,RA1144,BAJAJHIND,"1,930",17.2,22.4,,07-01-22,23-08-23
253,MISC,RA1144,MAHSCOOTER,12,"4,019.70","3,974.20",,07-01-22,02-08-22
254,3*3,RA1144,PILANIINVS,84,"1,985.93","1,829.40",,07-01-22,05-06-23
255,3*3,RA1144,BAJAJHIND,"4,341",17,22.4,,10-01-22,23-08-23
256,3*3,RA1144,KTKBANK,"2,250",66.75,67.85,,10-01-22,07-07-22
257,3*3,RA1144,NMDC,150,136.7,136.7,,11-01-22,05-06-23
258,3*3,RA1144,NMDC,565,140.7,140.7,,12-01-22,05-06-23
259,3*3,UT0149,ASIANTILES,592,122.9,44.04,,13-01-22,06-05-25
260,3*3,UT0149,BAJAJHIND,"3,125",16.05,22.12,,13-01-22,23-08-23
261,3*3,UT0149,BAJAJHIND,"5,800",17.3,22.12,,14-01-22,23-08-23
262,3*3,RA1144,RPOWER,"6,900",14.5,22.45,,14-01-22,05-09-22
263,3*3,RA1144,RPOWER,"6,150",16.3,22.45,,18-01-22,05-09-22
264,3*3,RA1144,5PAISA,117,401.2,702,,03-02-22,10-01-24
265,MISC,RA1144,MAHSCOOTER,14,"3,778.20","3,974.20",,03-02-22,02-08-22
266,3*3,RA1144,5PAISA,132,403.7,702,,04-02-22,10-01-24
267,3*3,RA1144,GTLINFRA,"48,000",2.1,1.3,,04-02-22,15-09-23
268,MISC,RA1144,INDIAMART,20,"2,572.88","3,277.70",,04-02-22,07-09-23
269,3*3,RA1144,BIRLAMONEY,"1,955",73.2,68.55,,05-02-22,12-09-23
270,3*3,RA1144,BIRLAMONEY,"1,165",74.07,68.55,,07-02-22,12-09-23
271,3*3,UT0149,RELINFRA,669,133.2,184.85,,10-02-22,05-09-22
272,3*3,UT0149,RPOWER,"4,182",14.35,22.65,,18-02-22,05-09-22
273,3*3,UT0149,RPOWER,"1,108",13.55,22.65,,23-02-22,05-09-22
274,3*3,RA1144,ASIANTILES,"1,722",100.48,621,,24-02-22,
275,3*3,RA1144,JPPOWER,"8,234",6.85,21,,24-02-22,08-02-24
276,3*3,RA1144,JPPOWER,"7,666",6.85,80,,24-02-22,
277,MISC,RA1144,RELINFRA,"1,036",105.2,122.4,,24-02-22,17-08-22
278,MISC,RA1144,RPOWER,"8,410",12.95,22.45,,24-02-22,05-09-22
279,MISC,RA1144,HDFC,55,"2,402.70","2,480.20",,25-02-22,16-08-22
280,MISC,RA1144,HDFCAMC,89,"2,080.61","2,088.70",,25-02-22,07-11-22
281,MISC,RA1144,HINDUNILVR,61,"2,180.20","2,510.90",,25-02-22,07-07-22
282,3*3,RA1144,JPPOWER,"3,322",6.95,80,,25-02-22,
283,MISC,RA1144,NMDC,940,140.45,140.45,,25-02-22,05-06-23
284,MISC,RA1144,PNB,"3,761",35.35,35.75,,25-02-22,30-08-22
285,MISC,RA1144,RELINFRA,220,104.7,122.4,,25-02-22,17-08-22
286,MISC,RA1144,RPOWER,"1,756",13.15,22.45,,25-02-22,05-09-22
287,MISC,RA1144,HDFC,15,"2,287.20","2,480.20",,02-03-22,16-08-22
288,3*3,RA1144,BIRLAMONEY,"1,153",60.65,68.55,,03-03-22,12-09-23
289,3*3,RA1144,AWL,59,340.14,497.2,,07-03-22,29-03-22
290,3*3,RA1144,ASIANTILES,263,102.25,621,,14-03-22,
291,3*3,RA1144,JINDALSTEL,423,474.95,475.2,,14-03-22,02-11-22
292,3*3,RA1144,RPOWER,"6,525",14.25,22.45,,14-03-22,05-09-22
293,3*3,RA1144,VAIBHAVGBL,374,401.2,"1,040.00",,14-03-22,
294,3*3,RA1144,ADANIPOWER,796,125.7,194.7,,21-03-22,01-04-22
295,3*3,UT0149,ADANIPOWER,408,122.7,194.8,,22-03-22,01-04-22
296,3*3,RA1144,ADANIPORTS,41,769.75,786.95,,29-03-22,04-04-22
297,3*3,UT0149,NMDC,465,170.2,150.3,,06-04-22,05-06-23
298,3*3,RA1144,NMDC,"1,098",170.2,178.95,,06-04-22,05-06-23
299,3*3,RA1144,PATANJALI,320,782.7,"1,278.20",,07-04-22,06-09-22
300,MISC,RA1144,MOKSH,508,19.7,21.55,,12-04-22,06-05-22
301,3*3,UT0149,GIPCL,220,91.2,103.2,,18-04-22,21-04-22
302,3*3,RA1144,TATASTLLP,200,792.7,826.7,,18-04-22,06-09-23
303,3*3,RA1144,ADANIPORTS,314,873.95,"1,309.20",,25-04-22,06-03-24
304,3*3,UT0149,ADANIPORTS,87,873.95,"1,035.00",,25-04-22,20-12-23
305,3*3,RA1144,BAJAJHIND,"1,852",17.55,22.4,,02-05-22,23-08-23
306,3*3,UT0149,BAJAJHIND,998,17.55,22.12,,02-05-22,23-08-23
307,3*3,UT0149,PATANJALI,91,"1,105.20","1,295.52",,02-05-22,05-09-22
308,3*3,RA1144,PATANJALI,62,"1,104.20","1,278.20",,02-05-22,06-09-22
309,3*3,UT0149,PATANJALI,55,"1,062.20","1,295.52",,04-05-22,05-09-22
310,3*3,RA1144,PATANJALI,16,"1,062.20","1,278.20",,04-05-22,06-09-22
311,3*3,RA1144,ADANIPORTS,138,808.2,"1,309.20",,06-05-22,06-03-24
312,3*3,A01144,ADANIPORTS,12,785.2,815.15,,10-05-22,06-09-22
313,3*3,A01144,PATANJALI,102,982.2,"1,284.90",,13-05-22,06-09-22
314,3*3,A01144,EVEXIA,"9,960",2.51,2.69,,18-05-22,26-04-23
315,3*3,A01144,RTNPOWER,"10,990",4.55,4.55,,18-05-22,06-09-22
316,3*3,A01144,EVEXIA,"9,960",2.51,2.69,,25-05-22,26-04-23
317,3*3,RA1144,JSWISPL,"2,865",25.3,29.78,,30-05-22,03-11-22
318,MISC,UT0149,TANLA,86,647.2,787.2,,29-07-22,04-08-22
319,MISC,RA1144,TANLA,175,642.2,787.2,,29-07-22,04-08-22
320,MISC,RA1144,KANSAINER,205,504.66,502.2,,03-08-22,16-08-22
321,MISC,RA1144,BAJAJHIND,"32,857",8.4,22.4,,17-08-22,23-08-23
322,MISC,RA1144,TV18BRDCST,"3,965",38.6,41.75,,18-08-22,05-09-22
323,MISC,UT0149,AWL,68,736.2,359.2,,19-08-22,06-03-24
324,MISC,UT0149,AWL,71,718.51,359.2,,22-08-22,06-03-24
325,3*3,RA1144,GEOJITFSL,"3,148",47.66,47.61,,01-09-22,02-01-23
326,3*3,UT0149,GEOJITFSL,267,46.65,80.1,,02-09-22,19-12-23
327,3*3,RA1144,JPPOWER,"22,673",8.12,80,,02-09-22,
328,MISC,RA1144,5PAISA,284,353.7,702,,05-09-22,10-01-24
329,3*3,RA1144,BIRLAMONEY,"4,951",61.63,68.55,,05-09-22,12-09-23
330,3*3,RA1144,JPPOWER,"22,600",8.9,80,,05-09-22,
331,3*3,RA1144,5PAISA,422,357.52,702,,06-09-22,10-01-24
332,MISC,RA1144,BERGEPAINT,153,657.2,650.25,,06-09-22,05-06-23
333,MISC,RA1144,DABUR,176,570.2,596.7,,06-09-22,29-11-22
334,MISC,UT0149,ICICIGI,17,"1,236.70","1,266.20",,06-09-22,07-09-22
335,MISC,RA1144,GILLETTE,19,"5,360.20","4,509.00",,06-09-22,05-06-23
336,MISC,RA1144,ICICIGI,80,"1,265.70","1,285.70",,06-09-22,04-01-23
337,3*3,RA1144,PNB,"3,138",35.8,53.3,,06-09-22,22-12-22
338,MISC,UT0149,WIPRO,50,401.6,402.55,,06-09-22,07-09-22
339,3*3,RA1144,5PAISA,"1,123",354.26,702,,07-09-22,10-01-24
340,3*3,RA1144,ASIANTILES,"1,456",68.8,621,,07-09-22,
341,MISC,RA1144,BAJAJ-AUTO,26,"3,829.85","3,889.20",,07-09-22,30-01-23
342,MISC,UT0149,DMART,2,"4,473.25","4,585.85",,07-09-22,04-10-22
343,3*3,RA1144,BIRLAMONEY,"6,407",61.87,68.55,,07-09-22,12-09-23
344,3*3,UT0149,5PAISA,706,355,701,,07-09-22,10-01-24
345,3*3,UT0149,PNB,"7,861",37.9,53.3,,07-09-22,22-12-22
346,MISC,UT0149,BAJAJ-AUTO,5,"3,831.00","3,782.70",,07-09-22,07-11-22
347,MISC,UT0149,MCDOWELL-N,25,803.62,817.95,,07-09-22,12-09-22
348,3*3,RA1144,PNB,"18,754",37.46,53.3,,07-09-22,22-12-22
349,3*3,RA1144,VAIBHAVGBL,526,381.7,"1,040.00",,07-09-22,
350,3*3,RA1144,ADANIPORTS,17,913.2,"1,309.20",,09-09-22,06-03-24
351,3*3,A01144,ADANIPORTS,209,912.7,"1,310.10",,09-09-22,06-03-24
352,3*3,UT0149,ADANIPORTS,11,913.2,"1,035.00",,09-09-22,20-12-23
353,MISC,RA1144,HCLTECH,105,950.43,977.7,,09-09-22,13-10-22
354,MISC,UT0149,WHIRLPOOL,11,"1,753.80","1,814.15",,09-09-22,13-09-22
355,MISC,UT0149,WIPRO,55,413.6,404.05,,14-09-22,05-06-23
356,MISC,UT0149,HCLTECH,22,932.3,955.55,,14-09-22,06-10-22
357,MISC,UT0149,INFY,13,"1,495.70","1,538.20",,14-09-22,31-10-22
358,MISC,UT0149,TCS,6,"3,127.15","3,192.40",,14-09-22,31-10-22
359,MISC,UT0149,DABUR,35,560.7,571,,15-09-22,22-09-22
360,MISC,UT0149,BAJAJ-AUTO,5,"3,765.00","3,782.70",,15-09-22,07-11-22
361,MISC,UT0149,HCLTECH,23,919.9,932.5,,15-09-22,30-09-22
362,MISC,UT0149,HDFCLIFE,36,569.2,579.5,,15-09-22,25-11-22
363,MISC,UT0149,INFY,13,"1,451.35","1,483.10",,15-09-22,14-10-22
364,3*3,RA1144,ADANIPORTS,72,937.2,"1,309.20",,16-09-22,06-03-24
365,MISC,UT0149,DABUR,36,553.4,564.35,,16-09-22,21-09-22
366,MISC,UT0149,GILLETTE,3,"5,315.70","5,423.50",,16-09-22,16-09-22
367,MISC,UT0149,KANSAINER,48,492.65,427.7,,16-09-22,05-06-23
368,MISC,UT0149,HDFCLIFE,36,551.55,572.3,,16-09-22,24-11-22
369,MISC,UT0149,ICICIGI,16,"1,222.50","1,236.50",,16-09-22,02-12-22
370,3*3,RA1144,JPPOWER,"3,941",8.2,80,,16-09-22,
371,MISC,UT0149,NAM-INDIA,69,291.26,314.5,,16-09-22,21-08-23
372,MISC,UT0149,TCS,7,"3,027.67","3,118.58",,16-09-22,06-10-22
373,MISC,UT0149,WIPRO,47,407.5,416.2,,16-09-22,11-10-22
374,3*3,RA1144,VAIBHAVGBL,275,363.7,"1,040.00",,16-09-22,
375,MISC,RA1144,ISEC,182,548.2,550.2,,19-09-22,07-11-22
376,3*3,RA1144,ADANIPORTS,164,978.2,"1,309.20",,20-09-22,06-03-24
377,MISC,UT0149,BRITANNIA,4,"3,644.20","3,736.75",,20-09-22,21-09-22
378,MISC,UT0149,BERGEPAINT,33,622.1,634.6,,21-09-22,22-09-22
379,MISC,UT0149,GILLETTE,4,"5,318.15","5,292.10",,21-09-22,11-07-23
380,MISC,UT0149,ISEC,37,534.7,544.7,,21-09-22,07-11-22
381,MISC,UT0149,KOTAKBANK,10,"1,909.00","1,904.95",,21-09-22,31-10-22
382,3*3,RA1144,PNB,"2,472",40.34,53.3,,21-09-22,22-12-22
383,MISC,UT0149,SHREECEM,1,"22,305.00","22,870.20",,21-09-22,01-11-22
384,MISC,UT0149,HDFCLIFE,37,541.4,554.2,,22-09-22,24-11-22
385,MISC,UT0149,WIPRO,51,397.65,408.6,,22-09-22,06-10-22
386,3*3,RA1144,ADANIPORTS,45,922.1,"1,309.20",,23-09-22,06-03-24
387,MISC,UT0149,DMART,3,"4,427.00","4,585.40",,23-09-22,04-10-22
388,MISC,UT0149,RELAXO,19,"1,055.20",899.5,,23-09-22,20-12-23
389,MISC,UT0149,WHIRLPOOL,12,"1,654.70","1,436.43",,23-09-22,05-06-23
390,MISC,UT0149,KOTAKBANK,11,"1,851.20","1,901.15",,23-09-22,21-10-22
391,3*3,RA1144,ADANIPORTS,175,877.2,"1,309.20",,26-09-22,06-03-24
392,MISC,UT0149,ICICIGI,17,"1,146.00","1,193.55",,26-09-22,30-11-22
393,3*3,RA1144,GEOJITFSL,"2,101",47.7,47.61,,27-09-22,02-01-23
394,MISC,UT0149,KOTAKBANK,11,"1,806.70","1,836.00",,27-09-22,06-10-22
395,MISC,UT0149,ISEC,38,516.2,544.7,,30-09-22,07-11-22
396,MISC,UT0149,DABUR,74,554.83,558.7,,06-10-22,01-11-22
397,MISC,UT0149,HINDUNILVR,8,"2,612.70","2,648.70",,06-10-22,21-10-22
398,MISC,UT0149,SHREECEM,1,"21,257.00","22,870.20",,06-10-22,01-11-22
399,MISC,UT0149,BERGEPAINT,33,607.2,617.2,,07-10-22,07-10-22
400,MISC,UT0149,INFY,14,"1,430.81","1,449.75",,10-10-22,10-10-22
401,MISC,UT0149,AMBUJACEM,41,502.43,514.7,,11-10-22,19-10-22
402,MISC,UT0149,UBL,12,"1,654.50","1,689.70",,11-10-22,19-10-22
403,3*3,UT0149,5PAISA,60,344.2,701,,14-10-22,10-01-24
404,3*3,RA1144,JSLHISAR,153,267.7,398,,19-10-22,15-12-22
405,3*3,UT0149,5PAISA,129,348.7,701,,20-10-22,10-01-24
406,GEM,RA1144,ASALCBR,7,475.95,399.87,,24-10-22,05-06-23
407,GEM,RA1144,GLOBUSSPR,7,810.7,875,,24-10-22,12-05-23
408,GEM,RA1144,PIXTRANS,7,880.2,900.05,,24-10-22,15-05-23
409,MISC,RA1144,INFY,64,"1,572.20","1,550.70",,09-12-22,23-01-23
410,MISC,RA1144,INFY,43,"1,488.70","1,550.70",,20-12-22,23-01-23
411,3*3,A01144,JPPOWER,10,6.9,6,,23-12-22,05-06-23
412,3*3,UT0149,JPPOWER,"13,119",7.35,13.9,,26-12-22,06-05-25
413,3*3,UT0149,JPPOWER,"15,000",7.35,20.9,,26-12-22,08-02-24
414,3*3,RA1144,JPPOWER,"2,45,167",7.34,80,,26-12-22,
415,MISC,A01144,SONACOMS,238,416.29,454.2,,27-12-22,10-01-23
416,3*3,UT0149,JPPOWER,"47,044",7.35,80,,27-12-22,
417,MISC,RA1144,SUPRIYA,421,238.2,251.5,,30-12-22,12-05-23
418,MISC,RA1144,GTPL,710,139.34,155.4,,04-01-23,24-08-23
419,MISC,RA1144,YESBANK,"7,265",18.2,17.9,,23-01-23,12-09-23
420,MISC,RA1144,YESBANK,"1,820",18.2,17.9,,24-01-23,12-09-23
421,MISC,RA1144,ADANIPORTS,128,630.2,"1,309.20",,30-01-23,06-03-24
422,MISC,RA1144,AMBUJACEM,56,356.7,392.25,,02-02-23,03-03-23
423,MISC,RA1144,GRAPHITE,250,292.4,332.25,,28-02-23,12-05-23
424,3*3,RA1144,GTLINFRA,"1,00,000",0.9,1.3,,28-02-23,15-09-23
425,3*3,UT0149,MASTEK,97,"1,667.11","1,750.70",,13-03-23,24-04-23
426,3*3,RA1144,DOLATALGO,"3,185",47.24,60.57,,14-03-23,04-11-23
427,MISC,RA1144,JINDALPOLY,180,557.7,583.5,,14-03-23,20-04-23
428,MISC,RA1144,SBICARD,137,731.85,741.33,,14-03-23,10-04-23
429,MISC,RA1144,SUNTV,457,438.09,445.4,,16-03-23,16-05-23
430,3*3,RA1144,BIRLAMONEY,"1,680",49.6,68.55,,20-03-23,12-09-23
431,MISC,RA1144,MISHTANN,"12,450",8.01,8.35,,20-03-23,30-05-23
432,MISC,RA1144,ADANIGREEN,455,879.92,939.5,,21-03-23,20-04-23
433,3*3,RA1144,YESBANK,"6,500",15.4,17.9,,21-03-23,12-09-23
434,MISC,RA1144,SBICARD,27,727,741.33,,22-03-23,10-04-23
435,3*3,RA1144,ATGL,200,982.05,964.43,,23-03-23,20-12-23
436,3*3,RA1144,VIKASLIFE,"54,000",3.7,6.1,,23-03-23,12-09-23
437,3*3,RA1144,BAJAJHIND,"7,650",13.1,22.4,,31-03-23,23-08-23
438,3*3,RA1144,COFFEEDAY,"6,902",29.04,32.5,,31-03-23,20-04-23
439,MISC,RA1144,MISHTANN,"13,025",7.69,8.35,,31-03-23,30-05-23
440,3*3,RA1144,UJJIVANSFB,"7,985",25.1,27.2,,31-03-23,20-04-23
441,MISC,RA1144,ASIANPAINT,35,"2,774.57","2,977.65",,10-04-23,04-05-23
442,MISC,RA1144,GICRE,"1,406",142.4,198.7,,10-04-23,21-07-23
443,3*3,RA1144,INDIGOPNTS,185,"1,079.70","1,434.67",,10-04-23,20-12-23
444,3*3,RA1144,INDIGOPNTS,22,"1,068.20","1,434.67",,11-04-23,20-12-23
445,3*3,UT0149,SAMMAANCAP,10,102.5,117.71,,12-04-23,06-05-25
446,MISC,UT0149,BANKINDIA,"1,237",80.85,90.45,,18-04-23,21-08-23
447,MISC,UT0149,UNIONBANK,"1,358",73.7,90.8,,18-04-23,25-08-23
448,MISC,RA1144,INFY,158,"1,261.40","1,419.20",,18-04-23,25-08-23
449,3*3,RA1144,SAMMAANCAP,966,103.64,187.2,,18-04-23,12-09-23
450,MISC,UT0149,PNB,"2,030",49.3,62.4,,18-04-23,21-08-23
451,MISC,RA1144,INFY,81,"1,240.70","1,419.20",,19-04-23,25-08-23
452,3*3,RA1144,INDIGOPNTS,328,"1,151.68","1,434.67",,20-04-23,20-12-23
453,3*3,RA1144,LUXIND,217,"1,388.35","1,430.95",,20-04-23,29-04-24
454,3*3,RA1144,HDFCAMC,114,"1,771.70","3,165.60",,21-04-23,20-12-23
455,3*3,RA1144,RELAXO,119,841.79,912.01,,21-04-23,30-06-23
456,3*3,RA1144,ADANIPORTS,28,664.5,"1,309.20",,24-04-23,06-03-24
457,3*3,UT0149,CUB,"1,500",133.4,162.95,,24-04-23,19-12-23
458,3*3,UT0149,VAIBHAVGBL,54,317.7,217.8,,24-04-23,06-05-25
459,3*3,RA1144,HDFCAMC,56,"1,782.50","3,165.60",,24-04-23,20-12-23
460,3*3,RA1144,ICICIGI,20,"1,068.00","1,337.70",,24-04-23,25-08-23
461,3*3,RA1144,INDIGOPNTS,216,"1,161.16","1,434.67",,24-04-23,20-12-23
462,3*3,RA1144,LUXIND,147,"1,347.70","1,430.95",,24-04-23,29-04-24
463,3*3,RA1144,NAM-INDIA,665,234.5,331.22,,24-04-23,12-09-23
464,3*3,RA1144,SHRIRAMFIN,72,"1,392.80","1,415.00",,24-04-23,05-06-23
465,3*3,UT0149,SIYSIL,492,479.43,536.95,,24-04-23,21-08-23
466,3*3,UT0149,UJJIVANSFB,"7,300",27.4,48.7,,24-04-23,14-08-23
467,MISC,RA1144,BAJFINANCE,49,"6,081.68","7,797.17",,26-04-23,04-07-23
468,MISC,UT0149,HDFCBANK,182,"1,646.85","1,668.20",,08-05-23,11-07-23
469,3*3,RA1144,INDIGOPNTS,40,"1,281.70","1,434.67",,09-05-23,20-12-23
470,3*3,RA1144,LUXIND,33,"1,525.20","1,430.95",,09-05-23,29-04-24
471,3*3,UT0149,PNBHOUSING,46,275,536.28,,10-05-23,05-06-23
472,3*3,RA1144,ICICIGI,161,"1,108.20","1,337.70",,11-05-23,25-08-23
473,3*3,RA1144,INDIGOPNTS,75,"1,294.20","1,434.67",,11-05-23,20-12-23
474,3*3,RA1144,LUXIND,166,"1,511.87","1,430.95",,11-05-23,29-04-24
475,3*3,RA1144,SURYODAY,"3,065",131.44,163.05,,17-05-23,12-09-23
476,3*3,RA1144,GLAND,563,889.82,"1,650.25",,22-05-23,12-09-23
477,3*3,RA1144,PNB,"3,968",50.45,73.7,,22-05-23,01-11-23
478,3*3,RA1144,ATGL,125,796.5,964.43,,24-05-23,20-12-23
479,3*3,RA1144,CDSL,194,"1,033.20","1,330.20",,15-06-23,12-09-23
480,3*3,RA1144,TIDEWATER,214,943,"1,162.77",,15-06-23,12-09-23
481,3*3,RA1144,TIDEWATER,101,990,"1,162.77",,16-06-23,12-09-23
482,MISC,RA1144,METROPOLIS,147,"1,362.70","1,483.10",,19-06-23,30-06-23
483,3*3,RA1144,PNB,"1,965",50.95,73.7,,22-06-23,01-11-23
484,3*3,UT0149,RAJESHEXPO,385,520.42,188.26,,23-08-23,06-05-25
485,3*3,UT0149,RAJESHEXPO,194,518,188.26,,24-08-23,06-05-25
486,3*3,UT0149,SBIN,523,574.1,641.05,,25-08-23,20-12-23
487,3*3,A01144,ANDHRAPAP,193,518.7,570.2,,06-09-23,12-09-23
488,3*3,A01144,SESHAPAPER,297,334.7,385.7,,06-09-23,12-09-23
489,3*3,A01144,LATENTVIEW,586,426.9,489.7,,13-09-23,01-12-23
490,3*3,A01144,RAJESHEXPO,483,516.2,"1,000.00",,14-09-23,
491,3*3,A01144,SBIN,827,605.2,642.2,,18-09-23,20-12-23
492,3*3,A01144,KOTAKBANK,277,"1,802.47","1,842.35",,18-09-23,20-12-23
493,3*3,A01144,SBIN,336,595.8,642.2,,03-10-23,20-12-23
494,3*3,A01144,KOTAKBANK,116,"1,727.70","1,842.35",,03-10-23,20-12-23
495,3*3,A01144,ARE&M,385,649.48,753.7,,04-10-23,06-12-23
496,3*3,A01144,EIHOTEL,"1,070",234.01,234.64,,04-10-23,15-11-23
497,3*3,A01144,GREAVESCOT,"1,120",134,137.2,,09-10-23,06-12-23
498,3*3,A01144,DHANBANK,"3,334",29.9,30.7,,09-10-23,15-11-23
499,3*3,A01144,EASEMYTRIP,"2,436",41.05,48.4,,10-10-23,15-01-24
500,3*3,A01144,DEEPAKFERT,235,633.2,670.28,,10-10-23,20-12-23
501,3*3,A01144,JKPAPER,"1,244",402.03,411.2,,11-10-23,24-01-24
502,3*3,A01144,JKPAPER,130,383.1,411.2,,27-10-23,24-01-24
503,3*3,A01144,EASEMYTRIP,"2,500",39.8,48.4,,27-10-23,15-01-24
504,3*3,RA1144,CDSL,150,"1,501.70","1,886.20",,01-11-23,06-12-23
505,3*3,RA1144,CDSL,136,"1,537.70","1,886.20",,02-11-23,06-12-23
506,3*3,RA1144,YESBANK,"13,200",18.3,19.7,,09-11-23,06-12-23
507,3*3,RA1144,AXISBANK,10,"1,028.90","1,119.20",,12-11-23,08-12-23
508,3*3,RA1144,GLAND,7,"1,645.00","1,830.00",,12-11-23,20-12-23
509,3*3,UT0149,SAMMAANCAP,123,172.35,117.71,,12-11-23,06-05-25
510,3*3,A01144,JIOFIN,904,221.5,237.2,,21-11-23,20-12-23
511,3*3,A01144,RAJESHEXPO,409,367.45,"1,000.00",,21-11-23,
512,3*3,RA1144,GLAND,50,"1,758.25","1,830.00",,24-11-23,20-12-23
513,3*3,RA1144,ATGL,340,584.85,964.43,,28-11-23,20-12-23
514,MISC,A01144,BAJAJFINSV,166,"1,692.30","1,700.20",,05-12-23,20-12-23
515,MISC,A01144,KOTAKBANK,54,"1,839.70","1,842.35",,12-12-23,20-12-23
516,MISC,A01144,KOTAKBANK,188,"1,861.10","1,842.35",,14-12-23,20-12-23
517,MISC,RA1144,BAJAJHIND,"13,715",29.17,35.76,,19-12-23,29-04-24
518,3*3,UT0149,BANDHANBNK,761,249.8,160.3,,19-12-23,06-05-25
519,MISC,RA1144,BAJAJHIND,"7,095",28.2,35.76,,21-12-23,29-04-24
520,MISC,RA1144,BAJAJHIND,"3,516",28.45,35.76,,22-12-23,29-04-24
521,MISC,RA1144,GLAND,156,"1,927.28","1,846.69",,22-12-23,03-06-24
522,MISC,A01144,BANKINDIA,450,112,113.05,,22-12-23,01-01-24
523,3*3,RA1144,JIOFIN,"1,050",238.3,340.5,,22-12-23,10-05-24
524,MISC,A01144,CUB,325,149.4,151.85,,26-12-23,01-01-24
525,MISC,RA1144,KOTAKBANK,399,"1,881.70","1,985.20",,26-12-23,13-03-25
526,MISC,RA1144,SBIN,"1,563",640.19,785.7,,26-12-23,07-03-24
527,MISC,A01144,BAJFINANCE,42,"7,248.20","7,511.00",,27-12-23,03-10-24
528,MISC,A01144,BANKBARODA,875,228.7,229.9,,27-12-23,15-01-24
529,MISC,RA1144,KOTAKBANK,133,"1,885.70","1,985.20",,27-12-23,13-03-25
530,MISC,RA1144,SAIL,"1,700",117.7,145.9,,27-12-23,07-02-24
531,3*3,A01144,RAJESHEXPO,133,376.3,"1,000.00",,01-01-24,
532,3*3,A01144,ABCAPITAL,"1,206",165.95,174.75,,02-01-24,06-03-24
533,3*3,RA1144,JIOFIN,"1,056",235.5,355.05,,02-01-24,27-06-24
534,3*3,RA1144,JIOFIN,6,235.5,340.5,,02-01-24,10-05-24
535,MISC,UT0149,DCBBANK,"3,372",148.4,148.2,,03-01-24,17-07-25
536,MISC,A01144,ATGL,273,"1,100.95","1,542.00",,03-01-24,
537,MISC,RA1144,HDFCBANK,301,"1,663.84","1,701.71",,15-01-24,28-06-24
538,MISC,A01144,ATGL,100,"1,001.70","1,542.00",,17-01-24,
539,MISC,RA1144,HDFCBANK,193,"1,569.66","1,701.71",,17-01-24,28-06-24
540,MISC,RA1144,KOTAKBANK,109,"1,811.70","1,985.20",,17-01-24,13-03-25
541,MISC,RA1144,UNIONBANK,"2,090",143.7,146.1,,20-01-24,07-02-24
542,MISC,RA1144,HDFCBANK,138,"1,447.70","1,701.71",,24-01-24,28-06-24
543,MISC,RA1144,ZEEL,"1,184",169.2,172.5,,24-01-24,31-01-24
544,AK47,A01144,WSTCSTPAPR,328,763.7,884,,29-01-24,
545,MISC,RA1144,JKPAPER,460,435.15,424.29,,29-01-24,10-06-24
546,MISC,UT0149,IBULPP,291,50,60.65,,02-02-24,10-05-24
547,MISC,RA1144,PAYTM,440,456.4,472.4,,06-02-24,15-07-24
548,3*3,RA1144,EASEMYTRIP,"11,398",26.33,105,,07-02-24,
549,3*3,RA1144,AAVAS,106,"1,416.05","1,565.60",,13-02-24,14-05-24
550,3*3,RA1144,AAVAS,104,"1,444.15","1,565.60",,14-02-24,14-05-24
551,MISC,RA1144,ZEEL,"1,165",172.1,161.44,,23-02-24,10-06-24
552,3*3,RA1144,IDFCFIRSTB,"1,234",81.1,82.65,,07-03-24,09-04-24
553,3*3,RA1144,AAVAS,145,"1,383.20","1,565.60",,14-03-24,14-05-24
554,3*3,RA1144,CDSL,116,"1,721.70","2,019.37",,14-03-24,10-05-24
555,3*3,RA1144,EASEMYTRIP,"9,064",22.08,105,,14-03-24,
556,3*3,RA1144,GLAND,115,"1,748.20","1,846.69",,14-03-24,03-06-24
557,3*3,RA1144,SURYODAY,"3,080",162.4,313,,14-03-24,
558,MISC,RA1144,5PAISA,596,507.14,517.36,,28-03-24,10-05-24
559,AK47,RA1144,BAJAJFINSV,182,"1,649.73","1,954.70",,28-03-24,03-10-24
560,MISC,RA1144,BAJFINANCE,54,"7,270.42","7,634.95",,28-03-24,03-10-24
561,3*3,RA1144,CDSL,177,"1,719.79","2,083.45",,28-03-24,10-06-24
562,3*3,RA1144,CDSL,114,"1,719.79","2,019.37",,28-03-24,10-05-24
563,A40,UT0149,ANGELONE,65,"3,090.50","2,332.98",,28-03-24,06-05-25
564,MISC,UT0149,INDUSINDBK,129,"1,550.09","1,514.20",,28-03-24,03-06-24
565,MISC,UT0149,BANKINDIA,"1,476",135.6,138.85,,28-03-24,10-05-24
566,MISC,UT0149,CRAFTSMAN,47,"4,367.66","4,315.20",,28-03-24,10-05-24
567,MISC,UT0149,KNRCON,802,249.42,246.9,,28-03-24,10-05-24
568,MISC,RA1144,INDUSINDBK,65,"1,551.15","1,513.20",,28-03-24,03-06-24
569,MISC,RA1144,KFINTECH,287,614.55,737.7,,28-03-24,29-05-24
570,MISC,RA1144,KFINTECH,202,614.55,751.48,,28-03-24,10-05-24
571,3*3,RA1144,CDSL,55,"1,826.11","2,083.45",,01-04-24,10-06-24
572,MISC,RA1144,ZEEL,692,144.6,161.44,,01-04-24,10-06-24
573,MISC,RA1144,KFINTECH,320,625.63,737.7,,02-04-24,29-05-24
574,MISC,RA1144,TANLA,315,938.15,923.91,,02-04-24,03-06-24
575,3*3,RA1144,SURYODAY,"1,050",189.6,313,,12-04-24,
576,MISC,RA1144,COFFEEDAY,"3,175",63,68.8,,15-04-24,18-04-24
577,3*3,RA1144,SURYODAY,518,193.5,313,,15-04-24,
578,MISC,RA1144,RPOWER,"7,450",27,41,,16-04-24,25-09-24
579,MISC,RA1144,COFFEEDAY,"3,095",65,26.72,,19-04-24,15-04-26
580,MISC,RA1144,JUSTDIAL,100,"1,054.30","1,103.50",,19-04-24,23-04-24
581,MISC,RA1144,BAJFINANCE,15,"6,735.00","7,634.95",,26-04-24,03-10-24
582,3*3,RA1144,ATULAUTO,"1,024",586.32,604.2,,02-05-24,06-05-24
583,3*3,RA1144,AXISBANK,443,"1,131.49","1,127.25",,07-05-24,10-05-24
584,MISC,RA1144,RELINFRA,596,168.1,172.33,,07-05-24,15-05-24
585,3*3,RA1144,YESBANK,"21,599",23.15,23.55,,08-05-24,03-06-24
586,MISC,RA1144,ASIANPAINT,35,"2,873.60","2,880.20",,13-05-24,22-05-24
587,MISC,RA1144,BAJAJHIND,"3,077",32.5,32.6,,14-05-24,03-06-24
588,MISC,RA1144,EQUITASBNK,"2,130",94.07,94.65,,14-05-24,15-05-24
589,3*3,RA1144,CDSL,140,"2,108.96","2,083.45",,15-05-24,10-06-24
590,3*3,RA1144,SURYODAY,"1,000",200.65,313,,15-05-24,
591,MISC,RA1144,BAJFINANCE,15,"6,698.45","7,634.95",,16-05-24,03-10-24
592,MISC,RA1144,KNRCON,661,303.11,328.52,,30-05-24,03-06-24
593,MISC,RA1144,ANGELONE,128,"2,338.84","2,603.51",,05-06-24,10-06-24
594,MISC,RA1144,BAJFINANCE,15,"6,718.80","7,634.95",,05-06-24,03-10-24
595,3*3,RA1144,CDSL,102,"1,966.70","2,083.45",,05-06-24,10-06-24
596,MISC,RA1144,COFFEEDAY,"2,825",52.7,26.72,,05-06-24,15-04-26
597,MISC,RA1144,JKPAPER,265,378.6,424.29,,05-06-24,10-06-24
598,MISC,RA1144,KNRCON,121,319.7,393.6,,05-06-24,07-06-24
599,MISC,RA1144,KNRCON,661,319.7,406,,05-06-24,06-06-24
600,MISC,RA1144,ADANIPOWER,655,153.03,171,,07-06-24,23-09-25
601,MIM1,RA1144,BSE,111,895.9,912.16,,07-06-24,18-06-24
602,MIM1,RA1144,KALYANKJIL,246,407.49,450.7,,07-06-24,25-06-24
603,MIM1,RA1144,PRESTIGE,58,"1,730.00","1,834.90",,07-06-24,12-06-24
604,MIM1,RA1144,SUZLON,"2,008",49.85,48.87,,07-06-24,18-06-24
605,MIM1,RA1144,TORNTPOWER,68,"1,482.95","1,579.20",,07-06-24,12-06-24
606,MIM1,RA1144,TRENT,21,"4,874.20","5,219.70",,07-06-24,18-06-24
607,MISC,RA1144,ADANIPOWER,185,155.64,171,,10-06-24,23-09-25
608,MISC,RA1144,ADANIPOWER,455,155.64,154.5,,10-06-24,24-09-25
609,MIM1,RA1144,BSE,114,886.67,912.16,,10-06-24,18-06-24
610,MIM1,RA1144,KALYANKJIL,244,409.65,450.7,,10-06-24,25-06-24
611,MIM1,RA1144,PRESTIGE,55,"1,803.70","1,834.90",,10-06-24,12-06-24
612,MIM1,RA1144,SUZLON,"2,101",47.55,48.87,,10-06-24,18-06-24
613,MIM1,RA1144,TORNTPOWER,65,"1,524.35","1,579.20",,10-06-24,12-06-24
614,MIM1,RA1144,TRENT,20,"4,943.00","5,219.70",,10-06-24,18-06-24
615,MISC,RA1144,ADANIPOWER,330,151.76,154.5,,12-06-24,24-09-25
616,MIM1,RA1144,BEL,860,290.8,312.45,,12-06-24,25-06-24
617,MIM1,RA1144,BSE,57,898.32,912.16,,12-06-24,18-06-24
618,MIM1,RA1144,DIXON,24,"10,306.87","11,219.20",,12-06-24,18-06-24
619,MIM1,RA1144,HAL,51,"4,893.50","5,370.10",,12-06-24,25-06-24
620,MIM1,RA1144,HINDPETRO,473,528.24,372.3,,12-06-24,25-07-24
621,MIM1,RA1144,INDUSTOWER,726,345.3,342.7,,12-06-24,25-06-24
622,MIM2,UT0149,ACE,35,"1,449.61","1,522.10",,12-06-24,18-06-24
623,MIM2,UT0149,ANANDRATHI,12,"3,928.94","4,008.10",,12-06-24,18-06-24
624,MIM2,UT0149,APARINDS,6,"8,165.16","8,497.00",,12-06-24,18-06-24
625,MIM2,UT0149,BEML,12,"3,954.00","4,762.00",,12-06-24,18-06-24
626,MIM2,UT0149,GRSE,37,"1,367.20","1,745.00",,12-06-24,18-06-24
627,MIM2,UT0149,HBLPOWER,105,479.9,516.35,,12-06-24,18-06-24
628,MIM2,UT0149,IRCON,185,270.75,272.63,,12-06-24,18-06-24
629,MIM2,UT0149,MOTILALOFS,75,666.55,656.15,,12-06-24,18-06-24
630,MIM2,UT0149,MRPL,235,213.7,218.77,,12-06-24,18-06-24
631,MIM2,UT0149,RAILTEL,118,423.8,428,,12-06-24,18-06-24
632,MIM1,RA1144,KALYANKJIL,123,405,450.7,,12-06-24,25-06-24
633,MIM1,RA1144,MAHABANK,"3,691",67.72,67.95,,12-06-24,15-07-24
634,MIM1,RA1144,MAZDOCK,78,"3,207.31","4,003.00",,12-06-24,25-06-24
635,MIM1,RA1144,NTPC,674,370.95,382.7,,12-06-24,28-06-24
636,MIM1,RA1144,PFC,509,490.57,488.7,,12-06-24,25-06-24
637,MISC,RA1144,PNB,"1,965",127.27,128,,12-06-24,05-01-26
638,MIM1,RA1144,RECLTD,490,510.56,522.5,,12-06-24,25-06-24
639,MIM1,RA1144,RVNL,637,392.5,418.6,,12-06-24,25-06-24
640,MIM1,RA1144,SUZLON,"1,009",49.54,48.87,,12-06-24,18-06-24
641,MIM1,RA1144,TATAMTRDVR,372,671.75,670.1,,12-06-24,01-07-24
642,MIM1,RA1144,TRENT,10,"4,979.53","5,219.70",,12-06-24,18-06-24
643,MISC,RA1144,UNIONBANK,"1,687",148.28,151.5,,12-06-24,05-06-25
644,MIM1,RA1144,ZOMATO,"1,373",182.15,187.3,,12-06-24,18-06-24
645,MIM2,UT0149,CENTRALBK,760,65.8,65.55,,13-06-24,18-06-24
646,MIM2,UT0149,CHENNPETRO,51,979.55,"1,006.45",,13-06-24,18-06-24
647,MIM2,UT0149,GPIL,47,"1,065.00","1,140.02",,13-06-24,18-06-24
648,MIM2,UT0149,HSCL,139,361.45,364.8,,13-06-24,18-06-24
649,MIM2,UT0149,IOB,743,67.32,67.9,,13-06-24,18-06-24
650,MIM2,UT0149,KAYNES,13,"3,714.81","3,856.05",,13-06-24,18-06-24
651,MIM2,UT0149,NAM-INDIA,78,639.14,660,,13-06-24,18-06-24
652,MIM2,UT0149,NCC,154,325.5,326.8,,13-06-24,18-06-24
653,MIM2,UT0149,SWSOLAR,66,756.31,751.95,,13-06-24,18-06-24
654,MIM2,UT0149,TATAINVEST,8,"6,414.07","7,069.20",,13-06-24,18-06-24
655,MIM1,RA1144,ADANIPORTS,168,"1,482.08","1,479.30",,21-06-24,01-07-24
656,MIM1,RA1144,CANBK,"2,079",120.3,119.33,,21-06-24,25-06-24
657,MIM1,RA1144,COALINDIA,514,486.01,487.5,,21-06-24,04-07-24
658,MIM1,RA1144,INDIANB,458,544.92,541.65,,21-06-24,25-06-24
659,MIM1,RA1144,TATAPOWER,567,440.72,441.55,,21-06-24,04-07-24
660,AK47,RA1144,UJJIVANSFB,"2,310",43.2,44.02,,27-06-24,24-04-25
661,AK47,RA1144,FUSION,667,450.23,630.7,,28-06-24,
662,AK47,RA1144,UJJIVANSFB,"8,926",44.87,44.02,,28-06-24,24-04-25
663,AK47,RA1144,SPANDANA,423,710.8,997.08,,28-06-24,
664,AK47,RA1144,FUSION,441,453.7,"2,268.50",,01-07-24,
665,AK47,RA1144,SPANDANA,273,732.3,"3,661.50",,01-07-24,
666,AK47,RA1144,STARHEALTH,875,571.88,"2,857.05",,01-07-24,
667,AK47,RA1144,BAJAJFINSV,125,"1,600.84","1,954.70",,04-07-24,03-10-24
668,AK47,RA1144,CREDITACC,376,"1,330.00","1,331.00",,04-07-24,04-07-25
669,AK47,RA1144,FEDFINA,"4,010",124.77,128.72,,04-07-24,31-07-25
670,AK47,RA1144,INDUSINDBK,346,"1,445.90","2,317.63",,04-07-24,
671,AK47,RA1144,NH,404,"1,239.53","1,271.00",,04-07-24,30-08-24
672,AK47,RA1144,PARACABLES,"3,847",78,72.9,,04-07-24,05-12-24
673,MIM1,RA1144,HINDPETRO,236,0,372.3,,05-07-24,25-07-24
674,MISC,UT0149,LUXIND,86,"1,738.70","2,410.70",,10-07-24,06-08-24
675,MISC,UT0149,LUXIND,55,"1,821.70","2,410.70",,11-07-24,06-08-24
676,AK47,RA1144,BHARATWIRE,"1,201",249.9,237.14,,12-07-24,05-12-24
677,AK47,RA1144,JYOTIRES,212,"1,415.00","1,371.59",,12-07-24,19-11-24
678,3*3,RA1144,RTNPOWER,"18,264",16.43,164,,15-07-24,
679,AK47,RA1144,TANLA,190,"1,041.00","1,632.00",,15-07-24,
680,AK47,RA1144,TANLA,106,965.05,"1,632.00",,26-07-24,
681,AK47,RA1144,INDIGOPNTS,197,"1,527.70","1,511.73",,31-07-24,19-11-24
682,MISC,RA1144,AWL,520,384.73,500,,05-08-24,
683,AK47,RA1144,KUANTUM,"1,659",151.26,220,,05-08-24,
684,3*3,RA1144,ESAFSFB,"3,000",50.17,51.47,,07-08-24,23-08-24
685,MISC,RA1144,COFFEEDAY,"2,081",36.09,26.72,,14-08-24,15-04-26
686,AK47,UT0149,BHARATWIRE,71,231.5,217.7,,16-08-24,22-11-24
687,AK47,UT0149,FEDFINA,140,117.22,115.82,,16-08-24,02-12-24
688,AK47,UT0149,ICICIBANK,14,"1,190.00","1,236.00",,16-08-24,14-10-24
689,AK47,UT0149,INDUSINDBK,12,"1,361.40",988.2,,16-08-24,22-11-24
690,AK47,UT0149,CREDITACC,14,"1,202.75","1,141.40",,16-08-24,06-05-25
691,AK47,UT0149,SPANDANA,28,593.14,276.7,,16-08-24,06-05-25
692,AK47,UT0149,STARHEALTH,28,578.3,365.35,,16-08-24,06-05-25
693,AK47,UT0149,UJJIVANSFB,392,42,44.5,,16-08-24,24-04-25
694,AK47,UT0149,JYOTIRES,12,"1,380.78","1,371.02",,16-08-24,19-11-24
695,AK47,UT0149,INDIGOPNTS,11,"1,437.95","1,511.65",,16-08-24,19-11-24
696,AK47,UT0149,NH,14,"1,184.28","1,259.65",,16-08-24,19-11-24
697,AK47,UT0149,BAJAJFINSV,11,"1,546.15","1,930.00",,16-08-24,03-10-24
698,AK47,UT0149,KUANTUM,108,151.77,126.2,,16-08-24,22-11-24
699,AK47,UT0149,MUTHOOTMF,76,214.89,222.3,,16-08-24,14-10-24
700,AK47,UT0149,PARACABLES,207,79.37,65.8,,16-08-24,22-11-24
701,AK47,UT0149,SBCL,28,576.67,718,,16-08-24,10-10-24
702,AK47,UT0149,TANLA,18,914.64,677.2,,16-08-24,22-11-24
703,AK47,UT0149,VBL,27,569.08,589.2,,16-08-24,14-10-24
704,AK47,UT0149,WSTCSTPAPR,28,587.14,549.4,,16-08-24,22-11-24
705,3*3,RA1144,VAIBHAVGBL,587,341,"1,040.00",,22-08-24,
706,MISC,RA1144,WAAREERTL,97,"1,535.10","1,945.00",,28-08-24,25-09-24
707,MISC,RA1144,BAJAJHIND,"5,668",44.2,62,,30-08-24,
708,AK47,RA1144,NH,154,"1,308.00","1,260.90",,05-09-24,19-11-24
709,MISC,RA1144,AAVAS,53,"1,877.70","1,910.70",,06-09-24,17-03-25
710,MISC,A01144,EQUITASBNK,575,86.29,112,,13-09-24,
711,A40,RA1144,GRSE,107,"1,868.86","1,887.40",,20-09-24,06-05-25
712,3*3,RA1144,EASEMYTRIP,"11,404",17.55,105,,25-09-24,
713,AK47,RA1144,TANLA,205,898.09,"1,400.00",,04-10-24,
714,A40,A01144,ANGELONE,45,"2,554.75","2,927.62",,07-10-24,27-11-24
715,AK47,A01144,VBL,46,548.2,589.85,,07-10-24,14-10-24
716,A40,A01144,COCHINSHIP,3,"1,846.05","1,837.20",,07-10-24,24-10-25
717,A40,A01144,ANGELONE,71,"2,584.53","2,927.62",,08-10-24,27-11-24
718,A40,A01144,ANGELONE,61,"2,799.53","2,927.62",,14-10-24,27-11-24
719,AK47,A01144,MANAPPURAM,"1,307",153.38,157.8,,18-10-24,19-11-24
720,A40,A01144,COCHINSHIP,20,"1,548.54","1,837.20",,18-10-24,24-10-25
721,MISC,RA1144,BAJAJHIND,"1,455",34.01,62,,22-10-24,
722,A40,RA1144,GRSE,65,"1,546.18","1,887.40",,22-10-24,06-05-25
723,AK47,RA1144,INDIGOPNTS,50,"1,661.00","1,511.73",,22-10-24,19-11-24
724,AK47,RA1144,JYOTIRES,57,"1,467.00","1,371.59",,22-10-24,19-11-24
725,AK47,RA1144,NH,65,"1,266.24","1,260.90",,22-10-24,19-11-24
726,AK47,RA1144,PARACABLES,"1,187",70.38,72.9,,22-10-24,05-12-24
727,AK47,RA1144,KUANTUM,254,129,220,,22-10-24,
728,3*3,RA1144,EASEMYTRIP,"6,624",15.06,105,,23-10-24,
729,MISC,RA1144,EQUITASBNK,721,69.94,70.2,,23-10-24,06-11-24
730,AK47,RA1144,MANAPPURAM,678,147,157.85,,23-10-24,19-11-24
731,AK47,RA1144,MANAPPURAM,336,148.9,157.85,,24-10-24,19-11-24
732,AK47,UT0149,BHARATWIRE,142,237.2,217.7,,28-10-24,22-11-24
733,AK47,UT0149,INDUSINDBK,31,"1,073.00",988.2,,28-10-24,22-11-24
734,AK47,UT0149,STARHEALTH,63,539,365.35,,28-10-24,06-05-25
735,AK47,UT0149,JYOTIRES,23,"1,438.74","1,371.02",,28-10-24,19-11-24
736,AK47,UT0149,INDIGOPNTS,21,"1,643.00","1,511.65",,28-10-24,19-11-24
737,AK47,UT0149,MANAPPURAM,338,147.96,157.8,,28-10-24,19-11-24
738,AK47,UT0149,NH,27,"1,245.40","1,259.65",,28-10-24,19-11-24
739,AK47,UT0149,KUANTUM,272,123.79,126.2,,28-10-24,22-11-24
740,AK47,UT0149,PARACABLES,480,70.12,65.8,,28-10-24,22-11-24
741,AK47,UT0149,TANLA,46,732.15,549.4,,28-10-24,22-11-24
742,AK47,UT0149,WSTCSTPAPR,61,555.9,549.4,,28-10-24,22-11-24
743,MISC,RA1144,DATAPATTNS,40,"2,493.70","2,418.25",,30-10-24,27-11-24
744,3*3,RA1144,BANDHANBNK,27,183.85,176.5,,01-11-24,06-12-24
745,3*3,RA1144,EASEMYTRIP,"1,490",16.78,105,,01-11-24,
746,3*3,UT0149,BANDHANBNK,54,183.89,160.3,,01-11-24,06-05-25
747,AK47,UT0149,INDIGOPNTS,1,"1,679.75","1,511.65",,01-11-24,19-11-24
748,AK47,UT0149,PNCINFRA,3,322.85,304.2,,01-11-24,19-11-24
749,AK47,RA1144,PNCINFRA,77,324,304.2,,01-11-24,19-11-24
750,3*3,RA1144,BANDHANBNK,519,183.09,176.5,,06-11-24,06-12-24
751,3*3,UT0149,BANDHANBNK,549,182.2,160.3,,06-11-24,06-05-25
752,AK47,RA1144,KNRCON,165,306,317.2,,13-11-24,19-11-24
753,AK47,UT0149,KNRCON,165,306.3,317.25,,13-11-24,19-11-24
754,MIM2,UT0149,ABSLAMC,55,825.49,701.78,,21-11-24,06-02-25
755,MIM1,RA1144,ABB,16,"6,753.00","6,587.70",,21-11-24,09-01-25
756,MIM2,UT0149,BASF,7,"5,872.06","4,335.96",,21-11-24,06-02-25
757,MIM1,RA1144,BEL,406,270.65,282.25,,21-11-24,09-01-25
758,MIM1,RA1144,BSE,69,"1,528.50","2,189.00",,21-11-24,27-04-25
759,MIM1,RA1144,CGPOWER,157,710.2,627.1,,21-11-24,05-02-25
760,MIM1,RA1144,COCHINSHIP,83,"1,319.70","1,499.56",,21-11-24,09-01-25
761,MIM1,RA1144,DIVISLAB,19,"5,951.00","6,152.81",,21-11-24,06-05-25
762,MIM1,RA1144,DIXON,7,"14,965.00","13,453.30",,21-11-24,27-03-25
763,MIM2,UT0149,GLENMARK,31,"1,471.07","1,499.01",,21-11-24,06-02-25
764,MIM2,UT0149,GODFRYPHLP,8,"5,909.70","4,597.15",,21-11-24,06-02-25
765,MIM1,RA1144,HINDZINC,230,488.2,439.1,,21-11-24,09-01-25
766,MIM1,RA1144,INDUSTOWER,345,329,334.98,,21-11-24,09-01-25
767,MIM2,UT0149,JYOTICNC,37,"1,216.50","1,122.76",,21-11-24,06-02-25
768,MIM2,UT0149,KIRLOSBROS,21,"2,121.55","1,938.31",,21-11-24,06-02-25
769,MIM2,UT0149,DEEPAKFERT,35,"1,276.13","1,275.00",,21-11-24,06-05-25
770,MIM2,UT0149,DOMS,16,"2,839.32","2,768.34",,21-11-24,06-05-25
771,MIM2,UT0149,FSL,133,339.95,329,,21-11-24,06-05-25
772,MIM2,UT0149,SUVENPHAR,36,"1,279.70","1,139.04",,21-11-24,06-05-25
773,MIM2,UT0149,VIJAYA,41,"1,087.16","1,021.00",,21-11-24,06-05-25
774,MIM1,RA1144,M&M,38,"2,931.00","2,732.90",,21-11-24,27-03-25
775,MIM2,UT0149,ANANTRAJ,67,670.64,494.15,,21-11-24,27-03-25
776,MIM2,UT0149,GRSE,32,"1,392.00","1,711.00",,21-11-24,27-03-25
777,MIM2,UT0149,GVT&D,24,"1,838.15","1,563.64",,21-11-24,27-03-25
778,MIM2,UT0149,JUBLPHARMA,40,"1,129.49",887.2,,21-11-24,27-03-25
779,MIM2,UT0149,KAYNES,7,"5,787.05","4,892.56",,21-11-24,27-03-25
780,MIM2,UT0149,MOTILALOFS,52,879.1,675.35,,21-11-24,06-02-25
781,MIM1,RA1144,MAZDOCK,54,"1,995.00","2,183.20",,21-11-24,12-02-25
782,MIM2,UT0149,NETWEB,16,"2,815.11","1,793.15",,21-11-24,06-02-25
783,MIM1,RA1144,OBEROIRLTY,58,"1,916.70","1,825.43",,21-11-24,05-02-25
784,MIM1,RA1144,PAYTM,139,841.1,833,,21-11-24,06-05-25
785,MIM1,RA1144,POLICYBZR,66,"1,739.30","1,816.90",,21-11-24,26-06-25
786,MIM1,RA1144,RVNL,262,421.2,358.1,,21-11-24,27-03-25
787,MIM1,RA1144,SIEMENS,17,"6,634.00","6,323.82",,21-11-24,09-01-25
788,MIM1,RA1144,SOLARINDS,11,"9,970.00","9,708.05",,21-11-24,09-01-25
789,MIM2,UT0149,TECHNOE,30,"1,483.60","1,110.40",,21-11-24,06-02-25
790,MIM2,UT0149,TEJASNET,35,"1,275.38",871.55,,21-11-24,06-02-25
791,MIM1,RA1144,TRENT,17,"6,450.00","5,748.70",,21-11-24,05-02-25
792,MIM1,RA1144,VEDL,255,441.5,441.79,,21-11-24,09-01-25
793,MIM1,RA1144,VOLTAS,67,"1,662.00","1,737.51",,21-11-24,09-01-25
794,MIM2,UT0149,ABSLAMC,15,855.2,701.78,,25-11-24,06-02-25
795,MIM1,RA1144,ABB,4,"7,205.20","6,587.70",,25-11-24,09-01-25
796,MIM2,UT0149,BASF,3,"5,761.20","4,335.96",,25-11-24,06-02-25
797,MIM1,RA1144,BEL,85,293.65,282.25,,25-11-24,09-01-25
798,MIM1,RA1144,BSE,18,"1,632.07","2,189.00",,25-11-24,27-04-25
799,MIM1,RA1144,CGPOWER,32,759.9,627.1,,25-11-24,05-02-25
800,MIM1,RA1144,DIVISLAB,4,"6,076.80","6,152.81",,25-11-24,06-05-25
801,MIM1,RA1144,DIXON,2,"15,583.00","13,453.30",,25-11-24,27-03-25
802,MIM2,UT0149,GLENMARK,8,"1,487.95","1,499.01",,25-11-24,06-02-25
803,MIM2,UT0149,GODFRYPHLP,2,"5,777.70","4,597.15",,25-11-24,06-02-25
804,MIM1,RA1144,HINDZINC,50,497.5,439.1,,25-11-24,09-01-25
805,MIM1,RA1144,INDUSTOWER,70,334.75,334.98,,25-11-24,09-01-25
806,MIM2,UT0149,JYOTICNC,11,"1,222.00","1,122.76",,25-11-24,06-02-25
807,MIM2,UT0149,KIRLOSBROS,6,"2,210.00","1,938.31",,25-11-24,06-02-25
808,MIM1,RA1144,M&M,8,"3,053.60","2,732.90",,25-11-24,27-03-25
809,MIM2,UT0149,DEEPAKFERT,11,"1,287.50","1,275.00",,25-11-24,06-05-25
810,MIM2,UT0149,DOMS,4,"3,090.00","2,768.34",,25-11-24,06-05-25
811,MIM2,UT0149,FSL,38,356.4,329,,25-11-24,06-05-25
812,MIM2,UT0149,SUVENPHAR,10,"1,297.80","1,139.04",,25-11-24,06-05-25
813,MIM2,UT0149,VIJAYA,12,"1,149.55","1,021.00",,25-11-24,06-05-25
814,MIM2,UT0149,ANANTRAJ,20,672.65,494.15,,25-11-24,27-03-25
815,MIM2,UT0149,GRSE,10,"1,436.90","1,711.00",,25-11-24,27-03-25
816,MIM2,UT0149,GVT&D,7,"1,920.00","1,563.64",,25-11-24,27-03-25
817,MIM2,UT0149,JUBLPHARMA,12,"1,110.85",887.2,,25-11-24,27-03-25
818,MIM2,UT0149,KAYNES,3,"5,901.50","4,892.56",,25-11-24,27-03-25
819,MIM2,UT0149,MOTILALOFS,15,912.3,675.35,,25-11-24,06-02-25
820,MIM1,RA1144,MAZDOCK,12,"2,085.25","2,183.20",,25-11-24,12-02-25
821,MIM2,UT0149,NETWEB,5,"2,880.00","1,793.15",,25-11-24,06-02-25
822,MIM1,RA1144,OBEROIRLTY,12,"1,963.75","1,825.43",,25-11-24,05-02-25
823,MIM1,RA1144,PAYTM,22,888.8,833,,25-11-24,06-05-25
824,MIM1,RA1144,POLICYBZR,13,"1,732.70","1,816.90",,25-11-24,26-06-25
825,MIM1,RA1144,RVNL,57,435.4,358.1,,25-11-24,27-03-25
826,MIM1,RA1144,SIEMENS,3,"7,284.95","6,323.82",,25-11-24,09-01-25
827,MIM1,RA1144,SOLARINDS,2,"10,060.65","9,708.05",,25-11-24,09-01-25
828,MIM2,UT0149,TECHNOE,10,"1,473.25","1,110.40",,25-11-24,06-02-25
829,MIM2,UT0149,TEJASNET,11,"1,300.40",871.55,,25-11-24,06-02-25
830,MIM1,RA1144,TRENT,4,"6,721.60","5,748.70",,25-11-24,05-02-25
831,MIM1,RA1144,VEDL,56,445.2,441.79,,25-11-24,09-01-25
832,MIM1,RA1144,VOLTAS,15,"1,676.10","1,737.51",,25-11-24,09-01-25
833,MIM1,RA1144,ABB,3,"7,532.55","6,587.70",,27-11-24,09-01-25
834,MIM1,RA1144,BEL,81,306.85,282.25,,27-11-24,09-01-25
835,MIM1,RA1144,BSE,15,"1,490.68","2,189.00",,27-11-24,27-04-25
836,MIM1,RA1144,CGPOWER,32,763.85,627.1,,27-11-24,05-02-25
837,MIM1,RA1144,DIVISLAB,4,"6,003.75","6,152.81",,27-11-24,06-05-25
838,MIM1,RA1144,DIXON,2,"15,660.00","13,453.30",,27-11-24,27-03-25
839,MIM1,RA1144,HINDZINC,49,500.45,439.1,,27-11-24,09-01-25
840,MIM1,RA1144,INDUSTOWER,71,349.55,334.98,,27-11-24,09-01-25
841,MIM1,RA1144,M&M,8,"3,007.90","2,732.90",,27-11-24,27-03-25
842,MIM1,RA1144,MAZDOCK,12,"2,205.53","2,183.20",,27-11-24,12-02-25
843,MIM1,RA1144,OBEROIRLTY,12,"1,978.50","1,825.43",,27-11-24,05-02-25
844,MIM1,RA1144,PAYTM,27,913.5,833,,27-11-24,06-05-25
845,MIM1,RA1144,POLICYBZR,13,"1,842.00","1,816.90",,27-11-24,26-06-25
846,MIM1,RA1144,RVNL,56,438.75,358.1,,27-11-24,27-03-25
847,MIM1,RA1144,SIEMENS,3,"7,415.00","6,323.82",,27-11-24,09-01-25
848,MIM1,RA1144,SOLARINDS,3,"10,251.55","9,708.05",,27-11-24,09-01-25
849,MIM1,RA1144,TRENT,3,"6,828.45","5,748.70",,27-11-24,05-02-25
850,MIM1,RA1144,VEDL,55,445.9,441.79,,27-11-24,09-01-25
851,MIM1,RA1144,VOLTAS,15,"1,671.15","1,737.51",,27-11-24,09-01-25
852,MIM1,RA1144,COCHINSHIP,30,"1,575.90","1,499.56",,28-11-24,09-01-25
853,MIM2,UT0149,ABSLAMC,19,900.5,701.78,,02-12-24,06-02-25
854,MIM2,UT0149,BASF,3,"5,859.00","4,335.96",,02-12-24,06-02-25
855,MIM2,UT0149,GLENMARK,11,"1,544.00","1,499.01",,02-12-24,06-02-25
856,MIM2,UT0149,GODFRYPHLP,3,"5,691.00","4,597.15",,02-12-24,06-02-25
857,MIM2,UT0149,JYOTICNC,13,"1,264.00","1,122.76",,02-12-24,06-02-25
858,MIM2,UT0149,KIRLOSBROS,7,"2,348.45","1,938.31",,02-12-24,06-02-25
859,MIM2,UT0149,DEEPAKFERT,12,"1,377.00","1,275.00",,02-12-24,06-05-25
860,MIM2,UT0149,DOMS,6,"2,945.00","2,768.34",,02-12-24,06-05-25
861,MIM2,UT0149,FSL,44,367.7,329,,02-12-24,06-05-25
862,MIM2,UT0149,SUVENPHAR,12,"1,317.00","1,139.04",,02-12-24,06-05-25
863,MIM2,UT0149,VIJAYA,14,"1,147.59","1,021.00",,02-12-24,06-05-25
864,MIM2,UT0149,ANANTRAJ,24,698,494.15,,02-12-24,27-03-25
865,MIM2,UT0149,GRSE,9,"1,682.00","1,711.00",,02-12-24,27-03-25
866,MIM2,UT0149,GVT&D,10,"1,720.00","1,563.64",,02-12-24,27-03-25
867,MIM2,UT0149,JUBLPHARMA,13,"1,233.00",887.2,,02-12-24,27-03-25
868,MIM2,UT0149,KAYNES,3,"6,167.00","4,892.56",,02-12-24,27-03-25
869,MIM2,UT0149,MOTILALOFS,18,916,675.35,,02-12-24,06-02-25
870,MIM2,UT0149,NETWEB,6,"2,797.00","1,793.15",,02-12-24,06-02-25
871,MIM2,UT0149,TECHNOE,11,"1,450.00","1,110.40",,02-12-24,06-02-25
872,MIM2,UT0149,TEJASNET,12,"1,347.00",871.55,,02-12-24,06-02-25
873,MIM1,RA1144,ABB,5,"7,552.95","6,587.70",,06-12-24,09-01-25
874,MIM1,RA1144,BEL,126,313.9,282.25,,06-12-24,09-01-25
875,MIM1,RA1144,BSE,21,"1,791.33","2,189.00",,06-12-24,27-04-25
876,MIM1,RA1144,CGPOWER,52,768.9,627.1,,06-12-24,05-02-25
877,MIM1,RA1144,COCHINSHIP,25,"1,700.02","1,499.56",,06-12-24,09-01-25
878,MIM1,RA1144,DIVISLAB,6,"6,122.00","6,152.81",,06-12-24,06-05-25
879,MIM1,RA1144,DIXON,2,"17,380.00","13,453.30",,06-12-24,27-03-25
880,MIM1,RA1144,HINDZINC,77,507.54,439.1,,06-12-24,09-01-25
881,MIM1,RA1144,INDUSTOWER,105,367.52,334.98,,06-12-24,09-01-25
882,MIM1,RA1144,M&M,12,"3,093.38","2,732.90",,06-12-24,27-03-25
883,MIM1,RA1144,MAZDOCK,18,"2,460.37","2,183.20",,06-12-24,12-02-25
884,MIM1,RA1144,OBEROIRLTY,21,"2,137.58","1,825.43",,06-12-24,05-02-25
885,MIM1,RA1144,PAYTM,41,977.98,833,,06-12-24,06-05-25
886,MIM1,RA1144,POLICYBZR,20,"2,120.00","1,816.90",,06-12-24,26-06-25
887,MIM1,RA1144,RVNL,90,456.2,358.1,,06-12-24,27-03-25
888,MIM1,RA1144,SIEMENS,5,"7,867.20","6,323.82",,06-12-24,09-01-25
889,MIM1,RA1144,SOLARINDS,4,"10,831.33","9,708.05",,06-12-24,09-01-25
890,MIM1,RA1144,TRENT,6,"6,954.55","5,748.70",,06-12-24,05-02-25
891,MIM1,RA1144,VEDL,79,490.37,441.79,,06-12-24,09-01-25
892,MIM1,RA1144,VOLTAS,24,"1,702.78","1,737.51",,06-12-24,09-01-25
893,MM,RA1144,GRAVITA,22,"2,358.87","1,896.35",,18-12-24,06-05-25
894,MIM1,RA1144,BHARTIHEXA,131,"1,476.56","1,700.67",,09-01-25,06-05-25
895,MIM1,RA1144,COFORGE,100,"1,877.49","1,881.00",,09-01-25,26-06-25
896,MIM1,RA1144,INDHOTEL,235,823.74,"1,153.24",,09-01-25,
897,MIM1,RA1144,JUBLFOOD,259,747.8,710.44,,09-01-25,06-05-25
898,MIM1,RA1144,LUPIN,85,"2,270.48","2,187.28",,09-01-25,05-02-25
899,MIM1,RA1144,MAXHEALTH,161,"1,206.04","1,167.30",,09-01-25,06-05-25
900,MIM1,RA1144,PERSISTENT,31,"6,223.55","6,041.00",,09-01-25,26-06-25
901,MIM1,RA1144,SUZLON,"3,303",58.72,57.56,,09-01-25,27-03-25
902,MIM1,RA1144,UNITDSPR,123,"1,580.99","1,440.36",,09-01-25,05-02-25
903,MIM1,RA1144,BHARTIHEXA,18,"1,354.99","1,700.67",,31-01-25,06-05-25
904,MIM1,RA1144,BSE,12,"1,770.31","2,189.00",,31-01-25,27-04-25
905,MIM1,RA1144,CGPOWER,38,635.05,627.1,,31-01-25,05-02-25
906,MIM1,RA1144,COFORGE,15,"1,653.30","1,881.00",,31-01-25,26-06-25
907,MIM1,RA1144,DIVISLAB,4,"5,574.00","6,152.81",,31-01-25,06-05-25
908,MIM1,RA1144,DIXON,1,"14,983.60","13,453.30",,31-01-25,27-03-25
909,MISC,RA1144,GOLDIETF,70,71.18,83.1,,31-01-25,24-04-25
910,MISC,RA1144,HDFCGOLD,70,71.02,82.9,,31-01-25,24-04-25
911,MIM1,RA1144,INDHOTEL,32,764.8,"1,070.72",,31-01-25,
912,MIM1,RA1144,JUBLFOOD,34,702.8,710.44,,31-01-25,06-05-25
913,MIM1,RA1144,LUPIN,11,"2,080.15","2,187.28",,31-01-25,05-02-25
914,MIM1,RA1144,M&M,8,"2,987.95","2,732.90",,31-01-25,27-03-25
915,MIM1,RA1144,MAXHEALTH,23,"1,063.65","1,167.30",,31-01-25,06-05-25
916,MIM1,RA1144,MAZDOCK,9,"2,498.00","2,183.20",,31-01-25,12-02-25
917,MIM1,RA1144,OBEROIRLTY,14,"1,812.50","1,825.43",,31-01-25,05-02-25
918,MIM1,RA1144,PAYTM,31,776.2,833,,31-01-25,06-05-25
919,MIM1,RA1144,PERSISTENT,4,"6,027.05","6,041.00",,31-01-25,26-06-25
920,MIM1,RA1144,POLICYBZR,14,"1,725.89","1,816.90",,31-01-25,26-06-25
921,MIM1,RA1144,RVNL,51,478.4,358.1,,31-01-25,27-03-25
922,MIM1,RA1144,TRENT,4,"5,759.25","5,748.70",,31-01-25,05-02-25
923,MIM1,RA1144,UNITDSPR,17,"1,425.00","1,440.36",,31-01-25,05-02-25
924,MIM1,RA1144,BAJAJHLDNG,18,"11,417.04","11,971.00",,06-02-25,06-05-25
925,MIM1,RA1144,KALYANKJIL,389,550.7,471.2,,06-02-25,27-03-25
926,MIM1,RA1144,MUTHOOTFIN,95,"2,248.90","2,229.54",,06-02-25,06-05-25
927,MIM2,UT0149,AMBER,9,"6,963.05","6,009.00",,06-02-25,06-05-25
928,MIM2,UT0149,CAPLIPOINT,28,"2,188.85","1,872.85",,06-02-25,06-05-25
929,MIM2,UT0149,KIMS,95,654.43,658.33,,06-02-25,06-05-25
930,MIM2,UT0149,MCX,7,"6,017.00","6,194.00",,06-02-25,06-05-25
931,MIM2,UT0149,PCBL,152,414,367.96,,06-02-25,06-05-25
932,MIM2,UT0149,PPLPHARMA,270,229.45,211.28,,06-02-25,06-05-25
933,MIM2,UT0149,AFFLE,38,"1,648.28","1,603.70",,06-02-25,27-03-25
934,MIM2,UT0149,ERIS,42,"1,470.00","1,370.10",,06-02-25,27-03-25
935,MIM2,UT0149,POLYMED,26,"2,435.00","2,202.80",,06-02-25,27-03-25
936,MIM2,UT0149,PTCIL,4,"14,589.85","14,766.59",,06-02-25,27-03-25
937,MIM1,RA1144,UPL,334,639.7,685.89,,06-02-25,06-05-25
938,MIM1,RA1144,WIPRO,670,319.2,271,,06-02-25,27-03-25
939,MIM1,RA1144,MAZDOCK,101,"2,251.36","2,704.14",,13-02-25,27-04-25
940,MM,XQW072,GODREJPROP,2,"2,107.70","2,133.80",,20-03-25,06-05-25
941,MM,RA1144,ACE,54,"1,211.04","1,277.70",,26-03-25,23-05-25
942,MM,RA1144,ASAHIINDIA,104,617.85,745,,26-03-25,06-05-25
943,MM,RA1144,ASTRAL,50,"1,288.00","1,320.94",,26-03-25,06-05-25
944,MM,RA1144,BRIGADE,66,982.6,"1,011.00",,26-03-25,06-05-25
945,MM,RA1144,CGCL,348,185.84,177.09,,26-03-25,10-07-25
946,MM,RA1144,GODREJPROP,30,"2,147.95","2,145.30",,26-03-25,06-05-25
947,MM,RA1144,HSCL,151,427.7,429.76,,26-03-25,06-05-25
948,MM,RA1144,INFIBEAM,"3,748",17.3,17.03,,26-03-25,06-05-25
949,MM,RA1144,KEI,23,"2,837.02","3,191.51",,26-03-25,06-05-25
950,MM,RA1144,KIRLOSBROS,38,"1,706.20","1,758.20",,26-03-25,06-05-25
951,MM,RA1144,LALPATHLAB,26,"2,449.30","2,792.50",,26-03-25,06-05-25
952,MM,RA1144,MAHABANK,"1,392",46.76,51.25,,26-03-25,06-05-25
953,MM,RA1144,MARKSANS,292,222.85,218.26,,26-03-25,06-05-25
954,MM,RA1144,VBL,122,530.9,529.37,,26-03-25,06-05-25
955,MIM1,RA1144,BAJAJFINSV,94,"1,975.24","2,018.44",,27-03-25,06-05-25
956,MIM1,RA1144,BAJFINANCE,21,"8,963.31","8,788.50",,27-03-25,06-05-25
957,MIM1,RA1144,BHARTIARTL,108,"1,732.20","1,904.10",,27-03-25,06-05-25
958,MIM1,RA1144,KOTAKBANK,88,"2,140.22","2,073.04",,27-03-25,06-05-25
959,MIM1,RA1144,LUPIN,94,"2,012.15","2,056.89",,27-03-25,06-05-25
960,MIM2,UT0149,GODFRYPHLP,10,"6,375.70","8,380.50",,27-03-25,23-05-25
961,MIM2,UT0149,ASTRAZEN,7,"8,500.00","8,326.14",,27-03-25,06-05-25
962,MIM2,UT0149,AVANTIFEED,69,906.3,874.81,,27-03-25,06-05-25
963,MIM2,UT0149,BLUESTARCO,28,"2,226.20","1,719.10",,27-03-25,06-05-25
964,MIM2,UT0149,CHOLAHLDNG,36,"1,728.61","1,890.01",,27-03-25,06-05-25
965,MIM2,UT0149,KFINTECH,60,"1,035.74","1,059.60",,27-03-25,06-05-25
966,MIM2,UT0149,LAURUSLABS,102,610.23,613,,27-03-25,06-05-25
967,MIM2,UT0149,NH,37,"1,676.00","1,831.50",,27-03-25,06-05-25
968,MIM2,UT0149,WELCORP,74,865.3,756.14,,27-03-25,06-05-25
969,MIM1,RA1144,SUNPHARMA,110,"1,724.79","1,815.30",,27-03-25,06-05-25
970,MM,RA1144,ACE,94,"1,256.39","1,277.70",,28-03-25,23-05-25
971,MM,RA1144,ASAHIINDIA,193,601.83,745,,28-03-25,06-05-25
972,MM,RA1144,ASTRAL,89,"1,296.80","1,320.94",,28-03-25,06-05-25
973,MM,RA1144,BLS,304,397.68,399.6,,28-03-25,06-08-25
974,MM,RA1144,BRIGADE,119,978.7,"1,011.00",,28-03-25,06-05-25
975,MM,RA1144,CGCL,682,171.39,177.09,,28-03-25,10-07-25
976,MM,RA1144,GODREJPROP,54,"2,127.90","2,145.30",,28-03-25,06-05-25
977,MM,RA1144,GRAVITA,65,"1,840.05","1,896.35",,28-03-25,06-05-25
978,MM,RA1144,HSCL,272,424.6,429.76,,28-03-25,06-05-25
979,MM,RA1144,INFIBEAM,"7,024",16.55,17.03,,28-03-25,06-05-25
980,MM,RA1144,KEI,40,"2,892.55","3,191.51",,28-03-25,06-05-25
981,MM,RA1144,KIRLOSBROS,67,"1,715.70","1,758.20",,28-03-25,06-05-25
982,MM,RA1144,LALPATHLAB,46,"2,479.20","2,792.50",,28-03-25,06-05-25
983,MM,RA1144,MAHABANK,"2,511",46.34,51.25,,28-03-25,06-05-25
984,MM,RA1144,MARKSANS,521,223.2,218.26,,28-03-25,06-05-25
985,MM,XQW072,ACE,40,"1,254.15","1,180.00",,28-03-25,06-05-25
986,MM,XQW072,ASAHIINDIA,80,603.01,734.1,,28-03-25,06-05-25
987,MM,XQW072,ASTRAL,37,"1,296.36","1,306.84",,28-03-25,06-05-25
988,MM,XQW072,BLS,122,398.5,346.06,,28-03-25,06-05-25
989,MM,XQW072,BRIGADE,49,979.39,"1,006.80",,28-03-25,06-05-25
990,MM,XQW072,CGCL,288,169.71,164.85,,28-03-25,06-05-25
991,MM,XQW072,GODREJPROP,22,"2,130.87","2,133.80",,28-03-25,06-05-25
992,MM,XQW072,GRAVITA,26,"1,842.65","1,898.32",,28-03-25,06-05-25
993,MM,XQW072,HSCL,113,427.75,426.57,,28-03-25,06-05-25
994,MM,XQW072,INFIBEAM,"2,934",16.57,16.92,,28-03-25,06-05-25
995,MM,XQW072,KEI,17,"2,902.15","3,165.56",,28-03-25,06-05-25
996,MM,XQW072,KIRLOSBROS,28,"1,716.89","1,737.88",,28-03-25,06-05-25
997,MM,XQW072,LALPATHLAB,19,"2,480.70","2,800.00",,28-03-25,06-05-25
998,MM,XQW072,MAHABANK,"1,047",46.38,51.04,,28-03-25,06-05-25
999,MM,XQW072,MARKSANS,217,223.69,215.56,,28-03-25,06-05-25
1000,MM,XQW072,VBL,90,540.15,522.48,,28-03-25,06-05-25
1001,MM,RA1144,VBL,215,539.2,529.37,,28-03-25,06-05-25
1002,MM,XQW072,ASTRAL,1,"1,303.00","1,306.84",,01-04-25,06-05-25
1003,MM,XQW072,BRIGADE,1,957.35,"1,006.80",,01-04-25,06-05-25
1004,MM,XQW072,LALPATHLAB,1,"2,398.00","2,800.00",,01-04-25,06-05-25
1005,MM,XQW072,MAHABANK,3,46.59,51.04,,01-04-25,06-05-25
1006,MM,XQW072,VBL,1,538.95,522.48,,01-04-25,06-05-25
1007,3*3,RA1144,TRL,239,292.78,"1,800.00",,06-05-25,
1008,SWING,RA1144,BDL,33,"1,538.20","1,846.10",,09-05-25,13-06-25
1009,GROW,RA1144,COROMANDEL,1,"2,322.60","2,391.00",,09-05-25,22-05-25
1010,GROW,RA1144,KPRMILL,1,"1,248.05","1,081.50",,09-05-25,02-07-25
1011,SWING,RA1144,KRISHANA,1,336.95,462,,09-05-25,04-07-25
1012,SWING,XQW072,PARADEEP,44,148.96,189.33,,12-05-25,21-07-25
1013,SWING,XQW072,BDL,4,"1,554.00","1,810.00",,12-05-25,17-07-25
1014,SWING,XQW072,KRISHANA,19,344.3,463.4,,12-05-25,04-07-25
1015,GROW,XQW072,BSE,3,"2,308.83","2,692.00",,12-05-25,13-06-25
1016,GROW,XQW072,DIXON,1,"16,039.00","14,876.33",,12-05-25,09-06-25
1017,GROW,XQW072,TRL,23,288.7,284,,12-05-25,09-06-25
1018,SWING,XQW072,BEL,20,323.15,390.7,,12-05-25,05-06-25
1019,GROW,XQW072,TANFACIND,2,"3,133.95","3,125.20",,12-05-25,04-06-25
1020,GROW,XQW072,KPRMILL,5,"1,210.45","1,157.10",,12-05-25,26-05-25
1021,GROW,XQW072,OILCOUNTUB,98,67.91,68.56,,12-05-25,26-05-25
1022,GROW,XQW072,SURYODAY,54,122.71,125.02,,12-05-25,26-05-25
1023,GROW,XQW072,COROMANDEL,2,"2,417.40","2,388.92",,12-05-25,22-05-25
1024,GROW,XQW072,AXISBANK,5,"1,203.10","1,195.60",,12-05-25,14-05-25
1025,GROW,XQW072,CREDITACC,5,"1,166.40","1,192.50",,12-05-25,14-05-25
1026,GROW,XQW072,DCBBANK,48,136.44,140.22,,12-05-25,14-05-25
1027,SWING,XQW072,PARADEEP,41,153.26,189.33,,14-05-25,21-07-25
1028,SWING,XQW072,BDL,21,"1,772.07","1,810.00",,14-05-25,17-07-25
1029,SWING,XQW072,KRISHANA,101,366.62,463.4,,14-05-25,04-07-25
1030,SWING,XQW072,GRSE,15,"2,210.97","3,013.40",,14-05-25,30-06-25
1031,GROW,XQW072,BSE,15,"2,441.67","2,692.00",,14-05-25,13-06-25
1032,GROW,XQW072,DIXON,2,"16,097.50","14,876.33",,14-05-25,09-06-25
1033,GROW,XQW072,TRL,136,272.25,284,,14-05-25,09-06-25
1034,SWING,XQW072,BEL,107,343.99,390.7,,14-05-25,05-06-25
1035,GROW,XQW072,DALMIASUG,97,448.24,434.4,,14-05-25,04-06-25
1036,SWING,XQW072,GRSE,4,"2,210.97","3,375.20",,14-05-25,04-06-25
1037,GROW,XQW072,TANFACIND,11,"3,273.86","3,125.20",,14-05-25,04-06-25
1038,GROW,XQW072,DYCL,52,834.23,842.93,,14-05-25,26-05-25
1039,GROW,XQW072,KPRMILL,32,"1,155.68","1,157.10",,14-05-25,26-05-25
1040,GROW,XQW072,OILCOUNTUB,557,66.24,68.56,,14-05-25,26-05-25
1041,GROW,XQW072,SURYODAY,286,129.15,125.02,,14-05-25,26-05-25
1042,GROW,XQW072,TDPOWERSYS,213,474.26,479.72,,14-05-25,26-05-25
1043,GROW,XQW072,COROMANDEL,16,"2,347.85","2,388.92",,14-05-25,22-05-25
1044,SWING,XQW072,PARADEEP,200,153.26,199.2,,14-05-25,28-07-25
1045,GROW,UT0149,TDPOWERSYS,211,475.48,494.7,,14-05-25,22-07-25
1046,MISC,UT0149,AGARIND,47,"1,049.52",981.01,,20-05-25,22-07-25
1047,MISC,RA1144,AGARIND,47,"1,045.89","2,091.78",,20-05-25,
1048,VIM,UT0149,DHANUKA,31,"1,619.90","1,643.00",,20-05-25,23-06-25
1049,MISC,UT0149,DSSL,42,"1,191.13","1,046.10",,20-05-25,22-07-25
1050,VIM,RA1144,CIGNITITEC,31,"1,570.40","1,677.92",,20-05-25,16-06-25
1051,VIM,RA1144,DHANUKA,30,"1,626.50","1,680.50",,20-05-25,16-06-25
1052,MISC,RA1144,DOLATALGO,528,94.63,97.55,,20-05-25,15-07-25
1053,VIM,UT0149,FLUIDOM,57,852.88,"1,290.40",,20-05-25,22-07-25
1054,VIM,RA1144,DYCL,116,423.67,463.7,,20-05-25,20-08-25
1055,VIM,UT0149,GANESHHOU,48,"1,023.50","1,432.90",,20-05-25,
1056,MISC,RA1144,DSSL,42,"1,186.50","1,086.40",,20-05-25,15-04-26
1057,VIM,RA1144,FIEMIND,31,"1,620.80","1,873.20",,20-05-25,16-06-25
1058,VIM,RA1144,GANESHHOU,49,"1,023.50",976.5,,20-05-25,16-06-25
1059,VIM,RA1144,JYOTIRES,37,"1,336.70","1,330.10",,20-05-25,16-06-25
1060,VIM,RA1144,KPIGREEN,417,502.48,514,,20-05-25,31-07-25
1061,VIM,RA1144,KPIGREEN,182,503.7,517.5,,20-05-25,18-08-25
1062,VIM,RA1144,KROSS,295,168.8,186.5,,20-05-25,16-06-25
1063,VIM,UT0149,KNRCON,212,235.59,329.83,,20-05-25,
1064,VIM,RA1144,LIKHITHA,180,275.75,290.45,,20-05-25,16-06-25
1065,VIM,RA1144,MONARCH,154,322.39,313.65,,20-05-25,16-06-25
1066,VIM,RA1144,KNRCON,213,234.73,469.46,,20-05-25,
1067,VIM,RA1144,PLATIND,188,264.05,278.01,,20-05-25,16-06-25
1068,VIM,RA1144,SAKSOFT,279,178.9,205.56,,20-05-25,18-08-25
1069,MISC,UT0149,DOLATALGO,529,94.44,97.7,,20-05-25,17-07-25
1070,MISC,RA1144,SHARDAMOTR,50,929.62,"1,081.10",,20-05-25,17-07-25
1071,VIM,UT0149,CIGNITITEC,32,"1,575.00","1,677.40",,20-05-25,16-06-25
1072,VIM,UT0149,FIEMIND,30,"1,625.00","1,873.60",,20-05-25,16-06-25
1073,VIM,UT0149,JYOTIRES,35,"1,344.83","1,331.54",,20-05-25,16-06-25
1074,VIM,UT0149,KROSS,590,169.09,187.16,,20-05-25,16-06-25
1075,VIM,UT0149,LIKHITHA,177,280.8,289.7,,20-05-25,16-06-25
1076,VIM,UT0149,MONARCH,155,322.15,314.01,,20-05-25,16-06-25
1077,VIM,UT0149,PLATIND,189,264.45,278.9,,20-05-25,16-06-25
1078,VIM,UT0149,SHARDAMOTR,26,"1,843.00","1,876.00",,20-05-25,16-06-25
1079,VIM,UT0149,STYLAMIND,28,"1,765.30","1,705.30",,20-05-25,16-06-25
1080,VIM,UT0149,DYCL,118,423.18,462.2,,20-05-25,20-08-25
1081,VIM,UT0149,PIXTRANS,27,"1,757.00","2,459.80",,20-05-25,
1082,VIM,UT0149,KPIGREEN,101,497.75,517.66,,20-05-25,18-08-25
1083,VIM,UT0149,SAKSOFT,279,178.65,205.5,,20-05-25,18-08-25
1084,VIM,RA1144,STYLAMIND,27,"1,763.66","1,704.50",,20-05-25,16-06-25
1085,VIM,RA1144,PIXTRANS,29,"1,730.00","1,590.00",,20-05-25,21-05-26
1086,SWING,RA1144,KRISHANA,37,378,462,,21-05-25,04-07-25
1087,SWING,RA1144,BEL,28,387,390.7,,23-05-25,05-06-25
1088,SWING,RA1144,PRIVISCL,5,"2,332.60","2,250.00",,23-05-25,10-06-25
1089,SWING,RA1144,SJS,7,"1,108.00","1,112.40",,23-05-25,05-06-25
1090,SWING,UT0149,RPOWER,"1,909",52.41,63,,23-05-25,18-06-25
1091,SWING,XQW072,TI,145,370.65,445,,26-05-25,22-07-25
1092,SWING,XQW072,ITDCEM,99,707.4,837,,26-05-25,16-07-25
1093,SWING,XQW072,DATAPATTNS,18,"2,850.00","2,877.20",,26-05-25,30-06-25
1094,SWING,XQW072,ITDCEM,42,707.4,864.1,,26-05-25,25-06-25
1095,SWING,XQW072,NETWEB,23,"1,911.00","1,855.20",,26-05-25,13-06-25
1096,SWING,XQW072,TI,200,370.65,504.01,,26-05-25,29-07-25
1097,SWING,XQW072,TI,14,370.65,487.31,,26-05-25,30-07-25
1098,SWING,XQW072,MIDHANI,80,422.99,423.6,,27-05-25,09-06-25
1099,SWING,UT0149,GRWRHITECH,21,"4,359.90","4,145.00",,28-05-25,13-06-25
1100,GROW,RA1144,CDSL,301,"1,659.34","2,323.08",,02-06-25,
1101,SWING,RA1144,PRIVISCL,16,"2,376.70","2,250.00",,04-06-25,10-06-25
1102,SWING,XQW072,SHARDACROP,52,810.53,805.7,,04-06-25,02-07-25
1103,SWING,XQW072,INTERARCH,23,"2,365.94","2,147.00",,04-06-25,13-06-25
1104,MISC,RA1144,RPOWER,809,61.86,27.35,,05-06-25,15-04-26
1105,SWING,XQW072,CSBBANK,160,378.4,383.45,,09-06-25,13-06-25
1106,SWING,XQW072,TIMETECHNO,52,438.2,418,,09-06-25,13-06-25
1107,SWING,XQW072,SUBROS,68,800,873.24,,10-06-25,21-07-25
1108,SWING,XQW072,SUBROS,17,800,985.1,,10-06-25,16-06-25
1109,SWING,RA1144,BANCOINDIA,118,600,595.43,,11-06-25,31-07-25
1110,SWING,XQW072,JUBLPHARMA,62,"1,125.60","1,174.00",,13-06-25,28-07-25
1111,SWING,XQW072,TIMETECHNO,152,438,439.6,,13-06-25,28-07-25
1112,SWING,RA1144,APOLLOHOSP,10,"7,060.00","7,010.00",,16-06-25,20-06-25
1113,SWING,XQW072,HAL,12,"5,046.70","4,875.00",,16-06-25,17-07-25
1114,SWING,XQW072,NAZARA,36,"1,318.56","1,300.20",,16-06-25,30-06-25
1115,POS,UT0149,DATAPATTNS,12,3012.3,"2,792.70",,17-06-25,22-07-25
1116,POS,UT0149,GRSE,11,3164.7,"6,329.40",,17-06-25,
1117,MISC,UT0149,ITDCEM,46,774,836,,17-06-25,16-07-25
1118,MISC,UT0149,JUBLPHARMA,32,1128,"1,213.60",,17-06-25,22-07-25
1119,MISC,UT0149,KRISHANA,72,502.6,495.2,,17-06-25,22-07-25
1120,MISC,UT0149,LUMAXTECH,33,1070,"1,141.47",,17-06-25,22-07-25
1121,MISC,UT0149,PARADEEP,209,170.37,188.2,,17-06-25,22-07-25
1122,MISC,UT0149,QPOWER,65,548,853.59,,17-06-25,22-07-25
1123,VIM,UT0149,POKARNA,33,1095.3,"1,057.20",,17-06-25,23-02-26
1124,MISC,UT0149,SKYGOLD,95,375.15,371.5,,17-06-25,23-02-26
1125,MISC,UT0149,SUBROS,34,1027.6,964.05,,17-06-25,09-09-25
1126,MISC,UT0149,SANDHAR,68,521.05,486,,17-06-25,22-07-25
1127,MISC,UT0149,TI,94,377.25,449.65,,17-06-25,22-07-25
1128,POS,UT0149,DATAPATTNS,2,"2,943.30","2,792.70",,19-06-25,22-07-25
1129,POS,UT0149,GRSE,3,"3,167.50","4,117.75",,19-06-25,
1130,MISC,UT0149,ITDCEM,9,808.5,836,,19-06-25,16-07-25
1131,MISC,UT0149,JUBLPHARMA,7,"1,129.10","1,213.60",,19-06-25,22-07-25
1132,MISC,UT0149,KRISHANA,15,502.6,495.2,,19-06-25,22-07-25
1133,MISC,UT0149,LUMAXTECH,7,"1,108.00","1,141.47",,19-06-25,22-07-25
1134,MISC,UT0149,PARADEEP,46,164.9,188.2,,19-06-25,22-07-25
1135,MISC,UT0149,PRIVISCL,28,"2,484.75","2,434.00",,19-06-25,22-07-25
1136,MISC,UT0149,QPOWER,14,519,853.59,,19-06-25,22-07-25
1137,MISC,UT0149,SANDHAR,14,533.8,486,,19-06-25,22-07-25
1138,VIM,UT0149,POKARNA,7,"1,038.70","1,057.20",,19-06-25,23-02-26
1139,MISC,UT0149,SUBROS,9,918.3,964.05,,19-06-25,09-09-25
1140,MISC,UT0149,TI,23,368.95,449.65,,19-06-25,22-07-25
1141,MISC,RA1144,RPOWER,751,66.6,27.35,,19-06-25,15-04-26
1142,VIM,UT0149,FLUIDOM,22,"1,164.90","1,290.40",,20-06-25,22-07-25
1143,SWING,RA1144,HLEGLAS,165,425,455.7,,20-06-25,27-06-25
1144,POS,UT0149,KFINTECH,38,"1,310.00","1,278.60",,20-06-25,22-07-25
1145,POS,RA1144,PARAS,58,867.35,864.5,,23-06-25,08-05-26
1146,SWING,XQW072,INDIAMART,24,"2,641.67","2,573.74",,25-06-25,28-07-25
1147,SWING,XQW072,INDIAMART,10,"2,689.01","2,573.74",,25-06-25,28-07-25
1148,POS,RA1144,AXISBANK,246,"1,224.00","1,228.20",,27-06-25,20-10-25
1149,SWING,XQW072,APOLLOHOSP,14,"7,308.00","7,398.00",,27-06-25,28-07-25
1150,SWING,XQW072,DLINKINDIA,177,562.88,445.25,,30-06-25,19-11-25
1151,SWING,XQW072,DHANUKA,72,"1,734.20","1,592.20",,02-07-25,14-07-25
1152,SWING,XQW072,DEEDEV,190,329.3,314,,02-07-25,04-07-25
1153,SWING,RA1144,GRSE,40,"2,934.00","2,640.30",,09-07-25,25-08-25
1154,SWING,RA1144,GRSE,16,"2,934.00","2,936.20",,09-07-25,17-11-25
1155,SWING,RA1144,KRISHANA,48,443.2,529,,09-07-25,25-07-25
1156,POS,RA1144,KRISHANA,194,443.2,550.25,,09-07-25,08-09-25
1157,SWING,XQW072,UJJIVANSFB,"3,501",47.67,47.72,45.67,09-07-25,08-10-25
1158,SWING,XQW072,WAAREEENER,21,"3,145.23","3,186.50",,09-07-25,06-08-25
1159,SWING,XQW072,ADVAIT,7,"2,040.50","2,320.20",,14-07-25,29-07-25
1160,SWING,XQW072,ADVAIT,45,"2,040.50","2,314.85",,14-07-25,01-08-25
1161,SWING,RA1144,OLAELEC,"5,141",48.65,55.6,,15-07-25,28-08-25
1162,SWING,XQW072,TI,126,397.7,487.31,,17-07-25,30-07-25
1163,SWING,XQW072,VASCONEQ,"1,293",57.99,52.2,,18-07-25,28-07-25
1164,MISC,RA1144,RPOWER,"1,519",64.34,27.35,,18-07-25,15-04-26
1165,VIM,UT0149,ANANTRAJ,69,570.85,619.15,,22-07-25,17-10-25
1166,VIM,UT0149,EIEL,402,280.5,841.5,,22-07-25,
1167,VIM,UT0149,EMSLIMITED,147,634.02,"1,902.06",,22-07-25,
1168,VIM,UT0149,GANESHHOU,57,926,"2,778.00",,22-07-25,
1169,VIM,UT0149,KNRCON,279,224.36,673.08,,22-07-25,
1170,VIM,UT0149,MONARCH,246,383,"1,149.00",,22-07-25,
1171,VIM,UT0149,PIXTRANS,23,"1,597.00","4,791.00",,22-07-25,
1172,VIM,UT0149,PLATIND,325,316.43,949.29,,22-07-25,
1173,VIM,UT0149,ANANTRAJ,110,570.85,707.2,,22-07-25,29-09-25
1174,VIM,UT0149,CIGNITITEC,48,"1,740.00","1,740.30",,22-07-25,19-11-25
1175,VIM,UT0149,DYCL,75,460,462.2,,22-07-25,20-08-25
1176,VIM,UT0149,FIEMIND,41,"2,020.00","1,977.53",,22-07-25,18-08-25
1177,VIM,UT0149,GARUDA,537,176.84,183.9,,22-07-25,18-08-25
1178,VIM,UT0149,KPIGREEN,115,544.17,517.66,,22-07-25,18-08-25
1179,VIM,UT0149,POKARNA,39,"1,041.50","1,057.20",,22-07-25,23-02-26
1180,VIM,UT0149,SAKSOFT,190,228.88,205.5,,22-07-25,18-08-25
1181,VIM,UT0149,SRM,188,493.83,491.1,,22-07-25,18-08-25
1182,VIM,UT0149,TECHNOE,67,"1,525.00","1,475.20",,22-07-25,20-08-25
1183,SWING,XQW072,MANORAMA,88,"1,702.50","1,327.25",,28-07-25,20-11-25
1184,SWING,XQW072,PARADEEP,"1,104",227.24,213.2,,29-07-25,30-07-25
1185,VIM,UT0149,ANANTRAJ,44,582.85,619.15,,30-07-25,17-10-25
1186,VIM,UT0149,EIEL,101,258,774,,30-07-25,
1187,VIM,UT0149,EMSLIMITED,48,607,"1,821.00",,30-07-25,
1188,VIM,UT0149,GANESHHOU,28,897,"2,691.00",,30-07-25,
1189,VIM,UT0149,KNRCON,124,212.93,638.79,,30-07-25,
1190,VIM,UT0149,MONARCH,75,372.9,"1,118.70",,30-07-25,
1191,VIM,UT0149,PIXTRANS,17,"1,521.00","4,563.00",,30-07-25,
1192,VIM,UT0149,PLATIND,106,288,864,,30-07-25,
1193,VIM,UT0149,DYCL,64,415,462.2,,30-07-25,20-08-25
1194,VIM,UT0149,FIEMIND,14,"1,954.20","1,977.53",,30-07-25,18-08-25
1195,VIM,UT0149,GARUDA,141,193,183.9,,30-07-25,18-08-25
1196,VIM,UT0149,KPIGREEN,50,518,517.66,,30-07-25,18-08-25
1197,VIM,UT0149,POKARNA,28,964.99,"1,057.20",,30-07-25,23-02-26
1198,VIM,UT0149,SAKSOFT,137,211,205.5,,30-07-25,18-08-25
1199,VIM,UT0149,TECHNOE,17,"1,457.00","1,475.20",,30-07-25,20-08-25
1200,SWING,XQW072,VISHNU,175,574.7,481.7,,30-07-25,19-11-25
1201,VIM,RA1144,ANANTRAJ,128,571.75,668.34,,31-07-25,23-09-25
1202,VIM,RA1144,ANANTRAJ,20,571.75,709.5,,31-07-25,29-09-25
1203,VIM,RA1144,CIGNITITEC,46,"1,634.10","1,556.70",,31-07-25,20-08-25
1204,VIM,RA1144,DYCL,65,398.08,463.7,,31-07-25,20-08-25
1205,VIM,RA1144,EIEL,368,250.97,253.84,,31-07-25,18-08-25
1206,VIM,RA1144,FIEMIND,38,"1,913.14","1,975.01",,31-07-25,18-08-25
1207,VIM,RA1144,EMSLIMITED,135,603,"1,809.00",,31-07-25,
1208,VIM,RA1144,GANESHHOU,95,889.95,885,,31-07-25,18-08-25
1209,VIM,RA1144,GARUDA,428,189.85,183.62,,31-07-25,18-08-25
1210,VIM,UT0149,INDOUS,689,177,531,,31-07-25,
1211,VIM,RA1144,INDOUS,480,176.88,530.64,,31-07-25,
1212,POS,RA1144,KRISHANA,447,560,550.25,,31-07-25,08-09-25
1213,VIM,RA1144,KNRCON,206,212.04,636.12,,31-07-25,
1214,VIM,RA1144,POKARNA,77,904.17,911.47,,31-07-25,18-08-25
1215,VIM,RA1144,MONARCH,225,363,"1,089.00",,31-07-25,
1216,VIM,RA1144,SAKSOFT,155,207,205.56,,31-07-25,18-08-25
1217,VIM,RA1144,SRM,177,459,491.44,,31-07-25,18-08-25
1218,POS,RA1144,PARADEEP,1171,213.57,427.14,,31-07-25,
1219,VIM,RA1144,PIXTRANS,18,"1,513.20","1,590.00",,31-07-25,21-05-26
1220,VIM,UT0149,CIGNITITEC,17,"1,627.22","1,740.30",,31-07-25,19-11-25
1221,VIM,UT0149,SRM,64,460,491.1,,31-07-25,18-08-25
1222,SWING,XQW072,HEG,195,590,595.94,,31-07-25,01-08-25
1223,VIM,RA1144,TECHNOE,60,"1,429.59","1,462.00",,31-07-25,18-08-25
1224,SWING,XQW072,RADICO,74,"2,865.62","2,867.40",,01-08-25,05-08-25
1225,SWING,XQW072,SARDAEN,197,509,515.1,,04-08-25,05-08-25
1226,SWING,XQW072,TI,452,517.4,492.56,,05-08-25,06-08-25
1227,VIM,RA1144,ANANTRAJ,56,546,709.5,,07-08-25,29-09-25
1228,VIM,RA1144,CIGNITITEC,15,"1,598.70","1,556.70",,07-08-25,20-08-25
1229,VIM,RA1144,DYCL,61,407.85,463.7,,07-08-25,20-08-25
1230,VIM,RA1144,EIEL,126,258.2,253.84,,07-08-25,18-08-25
1231,VIM,RA1144,FIEMIND,14,"1,865.00","1,975.01",,07-08-25,18-08-25
1232,VIM,RA1144,GANESHHOU,34,875.73,885,,07-08-25,18-08-25
1233,VIM,RA1144,GARUDA,167,172.6,183.62,,07-08-25,18-08-25
1234,VIM,RA1144,EMSLIMITED,48,589.99,"1,769.97",,07-08-25,
1235,VIM,RA1144,INDOUS,140,178.76,536.28,,07-08-25,
1236,VIM,RA1144,KPIGREEN,64,517.65,517.5,,07-08-25,18-08-25
1237,VIM,RA1144,KNRCON,152,206.95,620.85,,07-08-25,
1238,VIM,RA1144,PLATIND,435,275.09,275.9,,07-08-25,18-08-25
1239,VIM,RA1144,POKARNA,33,898.2,911.47,,07-08-25,18-08-25
1240,VIM,RA1144,MONARCH,85,331.88,995.64,,07-08-25,
1241,VIM,RA1144,SAKSOFT,135,208.8,205.56,,07-08-25,18-08-25
1242,VIM,RA1144,SRM,63,454.25,491.44,,07-08-25,18-08-25
1243,VIM,RA1144,PIXTRANS,14,"1,521.30","1,590.00",,07-08-25,21-05-26
1244,VIM,RA1144,TECHNOE,21,"1,392.00","1,462.00",,07-08-25,18-08-25
1245,VIM,RA1144,ANANTRAJ,52,538,709.5,,08-08-25,29-09-25
1246,VIM,RA1144,CIGNITITEC,16,"1,504.58","1,556.70",,08-08-25,20-08-25
1247,VIM,RA1144,DYCL,61,403.01,463.7,,08-08-25,20-08-25
1248,VIM,RA1144,EIEL,120,257.35,253.84,,08-08-25,18-08-25
1249,VIM,RA1144,FIEMIND,14,"1,821.30","1,975.01",,08-08-25,18-08-25
1250,VIM,RA1144,GANESHHOU,33,866.56,885,,08-08-25,18-08-25
1251,VIM,RA1144,GARUDA,158,171.09,183.62,,08-08-25,18-08-25
1252,VIM,RA1144,EMSLIMITED,47,582.85,"1,748.55",,08-08-25,
1253,VIM,RA1144,INDOUS,159,170.3,510.9,,08-08-25,
1254,VIM,RA1144,KPIGREEN,61,507.92,517.5,,08-08-25,18-08-25
1255,VIM,RA1144,KNRCON,146,209.81,629.43,,08-08-25,
1256,VIM,RA1144,PLATIND,109,273.32,275.9,,08-08-25,18-08-25
1257,VIM,RA1144,POKARNA,28,901.93,911.47,,08-08-25,18-08-25
1258,VIM,RA1144,SAKSOFT,122,220.46,205.56,,08-08-25,18-08-25
1259,VIM,RA1144,MONARCH,80,336.5,"1,009.50",,08-08-25,
1260,VIM,RA1144,SRM,58,472.1,491.44,,08-08-25,18-08-25
1261,VIM,RA1144,PIXTRANS,17,"1,522.10","1,590.00",,08-08-25,21-05-26
1262,VIM,RA1144,TECHNOE,20,"1,395.00","1,462.00",,08-08-25,18-08-25
1263,SWING,XQW072,PAYTM,87,"1,119.70","1,109.70",,11-08-25,12-08-25
1264,SWING,XQW072,SHREEPUSHK,321,390,399.36,,11-08-25,12-08-25
1265,SWING,XQW072,DEEDEV,319,314.45,309.1,,11-08-25,12-08-25
1266,SWING,XQW072,IXIGO,581,258.39,279.08,,12-08-25,28-08-25
1267,SWING,XQW072,TI,300,507.15,510.87,,12-08-25,30-10-25
1268,SWING,XQW072,ETERNAL,382,314.35,317.55,,17-08-25,28-08-25
1269,SWING,XQW072,ABCAPITAL,447,283.4,275,,19-08-25,02-09-25
1270,SWING,RA1144,APOLLO,245,204.7,235.2,,20-08-25,22-08-25
1271,SWING,RA1144,APOLLO,248,204.7,312.5,,20-08-25,05-09-25
1272,SWING,RA1144,SARDAEN,430,611.48,559.6,,20-08-25,04-09-25
1273,SWING,RA1144,SJS,149,"1,334.51","1,401.79",,20-08-25,12-09-25
1274,SWING,XQW072,SJS,74,"1,335.00","1,401.00",,20-08-25,12-09-25
1275,SWING,XQW072,YATHARTH,164,728.7,687.35,,20-08-25,01-09-25
1276,SWING,RA1144,ASAHIINDIA,196,890.15,890.2,,21-08-25,19-09-25
1277,SWING,RA1144,FEDFINA,"1,666",138,132,,21-08-25,05-09-25
1278,SWING,RA1144,JMFINANCIL,909,193,181.55,,21-08-25,29-08-25
1279,SWING,RA1144,POCL,134,"1,119.38","1,161.33",,21-08-25,04-09-25
1280,SWING,UT0149,FEDFINA,750,138.5,139,,21-08-25,04-09-25
1281,SWING,UT0149,JMFINANCIL,409,192.67,181.7,,21-08-25,29-08-25
1282,SWING,RA1144,MANAPPURAM,613,272,288.15,,25-08-25,04-09-25
1283,MISC,RA1144,OLECTRA,146,"1,676.00","1,558.00",,25-08-25,28-08-25
1284,MISC,RA1144,QPOWER,166,819.7,790,,25-08-25,26-08-25
1285,MISC,UT0149,OLECTRA,80,"1,669.16","2,336.82",,25-08-25,
1286,SWING,UT0149,MANAPPURAM,276,272,287.1,,25-08-25,04-09-25
1287,SWING,RA1144,SUDARSCHEM,166,"1,487.30","1,485.00",,28-08-25,01-09-25
1288,SWING,UT0149,SUDARSCHEM,74,"1,488.00","1,485.00",,28-08-25,01-09-25
1289,SWING,XQW072,SUDARSCHEM,108,"1,482.75","1,485.00",,28-08-25,01-09-25
1290,SWING,RA1144,IXIGO,561,296.7,265,,01-09-25,02-09-25
1291,SWING,RA1144,JMFINANCIL,"1,058",186.2,177.54,,01-09-25,10-09-25
1292,SWING,UT0149,JMFINANCIL,793,186.2,186.36,,01-09-25,04-09-25
1293,SWING,XQW072,JMFINANCIL,687,186.2,184.75,,01-09-25,04-09-25
1294,SWING,UT0149,IXIGO,421,296.7,267.5,,01-09-25,02-09-25
1295,SWING,XQW072,IXIGO,365,296.7,266.8,,01-09-25,02-09-25
1296,SWING,RA1144,EVEREADY,461,450.42,456.57,,02-09-25,08-09-25
1297,SWING,UT0149,STARCEMENT,511,305,217.51,,02-09-25,15-04-26
1298,SWING,RA1144,STARCEMENT,681,304.85,286.49,,02-09-25,08-09-25
1299,SWING,XQW072,STARCEMENT,443,304.95,216.67,,02-09-25,15-04-26
1300,SWING,RA1144,CUMMINSIND,47,"3,936.42","4,009.93",,04-09-25,23-09-25
1301,SWING,RA1144,HYUNDAI,84,"2,540.00","2,552.79",,04-09-25,08-09-25
1302,SWING,UT0149,CUMMINSIND,21,"3,936.83","3,994.00",,04-09-25,24-09-25
1303,SWING,UT0149,GPIL,361,251.25,253.84,,04-09-25,29-09-25
1304,SWING,UT0149,HYUNDAI,37,"2,545.15","2,550.50",,04-09-25,08-09-25
1305,SWING,UT0149,BAJAJ-AUTO,6,"9,437.00","8,890.50",,08-09-25,19-12-25
1306,SWING,RA1144,BAJAJ-AUTO,15,"9,437.00","9,127.79",,08-09-25,22-12-25
1307,SWING,RA1144,IOLCP,872,114.32,115.2,,08-09-25,09-09-25
1308,SWING,UT0149,IOLCP,437,114.2,113.6,,08-09-25,10-09-25
1309,SWING,UT0149,QPOWER,77,920,"1,075.05",,10-09-25,15-04-26
1310,SWING,RA1144,INDRAMEDCO,275,502.95,621.2,473.25,10-09-25,07-11-25
1311,SWING,RA1144,INDRAMEDCO,275,502.95,532.3,473.25,10-09-25,20-11-25
1312,SWING,UT0149,INDRAMEDCO,62,504,621.2,473.25,10-09-25,07-11-25
1313,SWING,UT0149,INDRAMEDCO,62,504,532.31,473.25,10-09-25,20-11-25
1314,SWING,RA1144,FEDFINA,796,151,152.11,,11-09-25,23-09-25
1315,SWING,UT0149,QPOWER,77,966,"1,075.05",,11-09-25,15-04-26
1316,SWING,UT0149,FEDFINA,358,151,152.75,,11-09-25,23-09-25
1317,SWING,RA1144,APOLLO,421,319.02,328.16,,12-09-25,23-09-25
1318,SWING,RA1144,ASTRAMICRO,99,"1,094.50","1,091.20",,12-09-25,24-10-25
1319,SWING,RA1144,BEL,332,398.25,405.85,,12-09-25,29-09-25
1320,SWING,RA1144,CARYSIL,166,963,966.7,,12-09-25,10-09-25
1321,SWING,RA1144,COCHINSHIP,113,"1,712.95","1,897.00",,12-09-25,23-09-25
1322,SWING,RA1144,SIRCA,225,469,480.51,,12-09-25,26-09-25
1323,SWING,UT0149,WAAREEENER,14,"3,844.30","3,389.50",,12-09-25,15-04-26
1324,SWING,UT0149,SIRCA,101,469,478,,12-09-25,29-09-25
1325,SWING,RA1144,WAAREEENER,32,"3,807.10","3,393.00",,12-09-25,15-04-26
1326,SWING,RA1144,SARDAEN,444,626.7,585.33,,15-09-25,15-04-26
1327,SWING,RA1144,VASCONEQ,"2,222",62.5,63.8,,17-09-25,29-09-25
1328,SWING,RA1144,NETWEB,16,"3,015.00","3,521.20",,18-09-25,22-09-25
1329,SWING,RA1144,NETWEB,33,"3,015.00","3,016.00",,18-09-25,23-09-25
1330,SWING,RA1144,ADANIPOWER,900,135.67,154.5,,19-09-25,24-09-25
1331,SWING,RA1144,PENIND,193,257.75,254.9,,19-09-25,24-10-25
1332,MISC,UT0149,SILVERBEES,7,123.8,138.88,,22-09-25,27-10-25
1333,SWING,RA1144,ANANTRAJ,56,572,674.4,,23-09-25,14-10-25
1334,SWING,RA1144,BHARATSE,888,168.69,170.1,,23-09-25,29-09-25
1335,SWING,RA1144,LUMAXTECH,108,"1,180.20","1,190.20",,23-09-25,09-10-25
1336,SWING,RA1144,NETWEB,27,"3,015.00","4,194.61",,23-09-25,03-10-25
1337,SWING,RA1144,SUBROS,70,"1,125.00","1,128.26",,23-09-25,26-09-25
1338,SWING,RA1144,ANANTRAJ,72,572,709.5,540,23-09-25,29-09-25
1339,SWING,RA1144,NETWEB,6,"3,015.00","3,885.83","3,015.00",23-09-25,14-10-25
1340,SWING,XQW072,BELRISE,661,158.4,166.01,,23-09-25,19-11-25
1341,SWING,XQW072,BELRISE,616,161,166.01,,23-09-25,19-11-25
1342,SWING,RA1144,ANANTRAJ,141,693.7,674.4,,24-09-25,14-10-25
1343,SWING,UT0149,WAAREEENER,14,"3,533.00","3,389.50",,24-09-25,15-04-26
1344,SWING,RA1144,WAAREEENER,22,"3,533.00","3,393.00",,24-09-25,15-04-26
1345,SWING,RA1144,ADANIPOWER,"1,000",152.58,162.3,148,25-09-25,28-10-25
1346,SWING,RA1144,NETWEB,21,"3,518.70","3,885.83","3,518.70",25-09-25,14-10-25
1347,SWING,RA1144,SUBROS,126,"1,183.92",760.91,,29-09-25,15-04-26
1348,SWING,RA1144,TVSHLTD,14,"13,295.00","13,664.28","12,555.00",03-10-25,16-10-25
1349,SWING,XQW072,YATHARTH,152,822.6,760.4,760.4,08-10-25,11-11-25
1350,SWING,UT0149,TVSHLTD,6,"13,304.00","15,065.00","12,555.00",08-10-25,28-10-25
1351,SWING,XQW072,KRISHANA,75,545.2,493.65,493.8,09-10-25,11-11-25
1352,SWING,RA1144,STALLION,438,343.21,146.1,324.95,14-10-25,15-04-26
1353,SWING,UT0149,WAAREEENER,8,"3,564.26","3,389.50","3,142.70",14-10-25,15-04-26
1354,SWING,RA1144,BLACKBUCK,191,703.04,700.03,650,14-10-25,02-01-26
1355,SWING,RA1144,WAAREEENER,28,"3,564.96","3,393.00","3,142.70",14-10-25,15-04-26
1356,SWING,RA1144,BHARATSE,283,200.26,214.2,192,15-10-25,24-10-25
1357,SWING,RA1144,AUBANK,117,845.16,876.91,850.2,20-10-25,28-10-25
1358,SWING,RA1144,HLEGLAS,232,527.8,528.05,482.4,20-10-25,27-10-25
1359,SWING,RA1144,GOLDCASE,"1,248",20.07,22.79,15,21-10-25,22-01-26
1360,SWING,XQW072,GOLDCASE,25,20.05,23.8,15,21-10-25,18-02-26
1361,SWING,UT0149,GOLDCASE,250,20.07,24.25,15,21-10-25,18-03-26
1362,SWING,RA1144,HBLENGINE,218,967,767.91,922,27-10-25,15-04-26
1363,SWING,RA1144,INOXGREEN,675,253.72,164.62,238.5,27-10-25,15-04-26
1364,SWING,RA1144,TATACOMM,55,"1,937.20","1,542.01","1,843.10",27-10-25,15-04-26
1365,SWING,RA1144,NETWEB,9,"4,114.20","3,411.70","3,701.00",28-10-25,15-04-26
1366,SWING,RA1144,NETWEB,27,"4,114.20","3,513.70","3,513.70",28-10-25,06-11-25
1367,SWING,XQW072,CHENNPETRO,172,874.3,979.7,806.5,30-10-25,06-11-25
1368,SWING,UT0149,CHENNPETRO,66,873,979.7,806.5,30-10-25,06-11-25
1369,SWING,RA1144,ANANDRATHI,68,"3,156.70","3,074.20","2,904.40",30-10-25,02-03-26
1370,SWING,RA1144,HINDCOPPER,233,363.7,340.05,340.05,11-11-25,12-11-25
1371,SWING,RA1144,IFBAGRO,45,"1,492.29","1,496.93","1,496.93",11-11-25,19-11-25
1372,SWING,RA1144,APOLLO,418,272.9,236.63,262.3,12-11-25,15-04-26
1373,SWING,RA1144,CUPID,371,269.2,516.4,253.25,12-11-25,02-01-26
1374,SWING,XQW072,CARTRADE,40,"3,226.00","1,831.78","3,066.30",17-11-25,15-04-26
1375,SWING,XQW072,CHENNPETRO,110,"1,056.83","1,078.96",998.35,17-11-25,19-11-25
1376,SWING,RA1144,CUPID,323,309.99,516.4,295,18-11-25,02-01-26
1377,SWING,RA1144,TVSSRICHAK,19,"4,631.70","4,690.30","4,305.00",19-11-25,04-12-25
1378,SWING,XQW072,GABRIEL,95,"1,053.20","1,075.50",948.1,19-11-25,20-11-25
1379,SWING,XQW072,JPPOWER,"15,700",19.03,20.35,17.6,19-11-25,21-11-25
1380,SWING,UT0149,WAAREEENER,51,"3,249.20","3,389.50","2,821.00",20-11-25,15-04-26
1381,SWING,XQW072,DATAPATTNS,31,"3,193.84","3,413.08","3,027.10",20-11-25,15-04-26
1382,SWING,UT0149,NYKAA,301,269.2,261.11,240,21-11-25,15-04-26
1383,SWING,XQW072,GABRIEL,155,"1,079.70","1,053.87","1,020.00",21-11-25,22-12-25
1384,SWING,XQW072,NYKAA,301,270.06,252.75,255,21-11-25,22-12-25
1385,SWING,RA1144,NYKAA,668,269.3,268,255,21-11-25,20-02-26
1386,SWING,XQW072,TBOTEK,47,"1,746.00","1,675.85","1,610.00",21-11-25,22-12-25
1387,SWING,XQW072,THYROCARE,237,535.18,407.85,"1,470.20",21-11-25,15-04-26
1388,SWING,XQW072,BLISSGVS,87,168.9,171,,24-11-25,22-12-25
1389,SWING,XQW072,HAPPYFORGE,1,"1,034.00","1,077.00","1,000.00",25-11-25,22-12-25
1390,SWING,XQW072,SARDAEN,261,499.2,524.2,472.75,26-11-25,25-02-26
1391,SWING,RA1144,COFFEEDAY,"1,375",36.8,26.72,34.5,15-12-25,15-04-26
1392,SWING,RA1144,INFOBEAN,75,735.96,768.3,696,15-12-25,16-12-25
1393,SWING,RA1144,INDOTHAI,25,401,282.15,385,17-12-25,15-04-26
1394,SWING,RA1144,CUPID,142,427.85,516.4,410,17-12-25,02-01-26
1395,SWING,RA1144,IDEA,50,11.94,11.83,,19-12-25,22-12-25
1396,SWING,XQW072,LOTUSEYE,8,125.45,126.4,,19-12-25,22-12-25
1397,SWING,XQW072,SAKAR,3,422.95,420.1,,19-12-25,22-12-25
1398,SWING,XQW072,SILGO,14,75.1,75.46,,19-12-25,22-12-25
1399,SWING,RA1144,GOLDCASE,"4,730",21.16,22.79,19.5,22-12-25,22-01-26
1400,SWING,XQW072,GOLDCASE,"9,465",21.15,23.8,19.5,22-12-25,18-02-26
1401,SWING,UT0149,GOLDCASE,"4,724",21.17,24.25,19.5,22-12-25,18-03-26
1402,SWING,XQW072,GRSE,41,"2,458.06","2,494.20","2,427.00",01-01-26,19-02-26
1403,SWING,XQW072,RECLTD,280,357.75,358.7,335,01-01-26,02-01-26
1404,SWING,RA1144,SILVERBEES,"1,136",226.37,316.57,214.95,02-01-26,30-01-26
1405,SWING,XQW072,MAZDOCK,61,"2,607.90","2,524.00","2,471.00",02-01-26,15-04-26
1406,SWING,RA1144,POCL,102,"1,488.40","1,215.90","1,387.80",16-01-26,15-04-26
1407,SWING,RA1144,FEDFINA,700,156.4,142.16,153.2,28-01-26,15-04-26
1408,SWING,RA1144,RPOWER,"5,175",29.05,27.35,27.55,28-01-26,15-04-26
1409,SWING,RA1144,INFOBEAN,115,864.56,898.04,830.2,28-01-26,19-02-26
1410,SWING,RA1144,BLISSGVS,780,225.6,232.6,210.2,17-02-26,19-02-26
1411,SWING,RA1144,EDELWEISS,"1,186",128.98,117.59,120.2,18-02-26,15-04-26
1412,SWING,RA1144,AGIIL,770,259.35,265.63,245.2,18-02-26,19-02-26
1413,SWING,XQW072,LUMAXTECH,111,"1,686.20","1,684.80","1,635.45",18-02-26,02-03-26
1414,SWING,RA1144,BANKINDIA,"1,727",173.8,148.8,160.2,23-02-26,15-04-26
1415,SWING,RA1144,SILVERBEES,851,252.34,250.24,,23-02-26,23-02-26
1416,SWING,RA1144,AGIIL,539,278.5,306.61,270.35,23-02-26,05-03-26
1417,SWING,RA1144,KEI,40,"4,909.20","4,974.00","4,796.50",25-02-26,05-03-26
1418,SWING,UT0149,LAURUSLABS,134,"1,090.90","1,086.00","1,000.20",26-02-26,25-02-26
1419,SWING,XQW072,QPOWER,218,899.73,846.1,846.1,26-02-26,02-03-26
1420,SWING,XQW072,PRECWIRE,634,315.2,330,295.5,02-03-26,05-03-26
1421,SWING,RA1144,LUPIN,67,"2,335.00","2,333.59","2,261.30",10-03-26,15-04-26
1422,SWING,RA1144,MTARTECH,34,"3,736.83","4,737.68","3,595.30",10-03-26,15-04-26
1423,SWING,RA1144,KIRLOSENG,63,"1,439.90","1,450.70","1,361.00",10-03-26,18-03-26
1424,SWING,RA1144,POWERINDIA,3,"25,820.00","26,095.00","24,425.00",10-03-26,08-04-26
1425,SWING,RA1144,LUPIN,42,"2,342.50","2,333.59","2,261.30",25-03-26,15-04-26
1426,SWING,RA1144,KRISHANA,225,562,598.08,538,06-04-26,15-04-26
1427,SWING,XQW072,MAHSCOOTER,21,"12,831.00","13,266.76","12,279.00",08-04-26,15-04-26
1428,SWING,XQW072,QPOWER,265,896.2,"1,076.37",851,08-04-26,15-04-26
1429,SWING,UT0149,STLTECH,505,217.3,254.25,201.61,09-04-26,15-04-26
1430,SWING,XQW072,ATHERENERG,125,807.79,915.6,771,09-04-26,15-04-26
1431,SWING,RA1144,NATIONALUM,"1,079",433.3,441.63,405.2,16-04-26,27-04-26
1432,SWING,RA1144,UTLSOLAR,544,254.64,297.4,228.5,16-04-26,24-04-26
1433,SWING,XQW072,NATIONALUM,431,433.2,441.56,405.2,16-04-26,27-04-26
1434,SWING,XQW072,UTLSOLAR,217,254.01,297.4,228.5,16-04-26,24-04-26
1435,SWING,UT0149,NATIONALUM,323,433.1,441.56,405.2,16-04-26,27-04-26
1436,SWING,UT0149,UTLSOLAR,162,254.31,297.4,228.5,16-04-26,24-04-26
1437,SWING,XQW072,KRISHANA,248,629.87,684.88,580,17-04-26,21-05-26
1438,SWING,XQW072,TRUALT,237,445.95,477.9,419.25,17-04-26,07-05-26
1439,SWING,XQW072,UTLSOLAR,190,261.5,287,228.5,17-04-26,05-05-26
1440,SWING,RA1144,KRISHANA,621,628.95,685.38,580,17-04-26,21-05-26
1441,SWING,RA1144,TRUALT,593,445.83,477.9,419.25,17-04-26,07-05-26
1442,SWING,RA1144,UTLSOLAR,476,261.5,287.78,228.5,17-04-26,05-05-26
1443,SWING,UT0149,KRISHANA,186,629.75,685.09,580,17-04-26,21-05-26
1444,SWING,UT0149,TRUALT,178,445.96,477.9,419.25,17-04-26,07-05-26
1445,SWING,UT0149,UTLSOLAR,142,261.5,287.05,228.5,17-04-26,05-05-26
1446,SWING,RA1144,CUPID,"2,380",107.1,149.94,103.85,20-04-26,
1447,SWING,RA1144,TI,506,476.51,667.11,446.8,20-04-26,
1448,SWING,XQW072,CUPID,952,107.1,149.94,103.85,20-04-26,
1449,SWING,XQW072,TI,145,477.17,668.04,446.8,20-04-26,
1450,SWING,UT0149,CUPID,714,107.1,149.94,103.85,20-04-26,
1451,SWING,UT0149,TI,152,476.63,667.28,446.8,20-04-26,
1452,SWING,RA1144,APEX,214,506.66,506.7,467,21-04-26,08-05-26
1453,SWING,RA1144,DATAPATTNS,147,"3,691.75","4,046.16","3,470.00",21-04-26,14-05-26
1454,SWING,UT0149,DATAPATTNS,44,"3,682.70","4,046.06","3,470.00",21-04-26,14-05-26
1455,SWING,RA1144,APOLLO,"1,507",301.85,323.4,282,27-04-26,19-05-26
1456,SWING,XQW072,APOLLO,602,301.88,323.4,282,27-04-26,19-05-26
1457,SWING,UT0149,APOLLO,452,301.87,324.4,282,27-04-26,19-05-26
1458,SWING,RA1144,UTLSOLAR,68,254.64,287.78,228.5,16-04-26,05-05-26
1459,SWING,XQW072,UTLSOLAR,27,254.01,287,228.5,16-04-26,05-05-26
1460,SWING,UT0149,UTLSOLAR,21,254.31,287.05,228.5,16-04-26,05-05-26
1461,SWING,RA1144,KSHINTL,527,669.15,936.81,640,30-04-26,
1462,SWING,UT0149,KSHINTL,158,669.44,937.22,640,30-04-26,
1463,SWING,RA1144,VIDYAWIRES,"3,259",96.8,135.52,91.4,06-05-26,
1464,SWING,XQW072,VIDYAWIRES,"1,303",96.61,135.52,91.4,06-05-26,
1465,SWING,UT0149,VIDYAWIRES,"1,956",96.2,135.52,91.4,06-05-26,
1466,SWING,RA1144,AZAD,134,"2,304.00","3,225.60","2,182.30",08-05-26,
1467,SWING,XQW072,AZAD,53,"2,304.00","2,302.70","2,182.30",08-05-26,
1468,SWING,UT0149,AZAD,40,"2,305.00","3,225.60","2,182.30",08-05-26,
1469,SWING,RA1144,MTARTECH,30,"6,687.82","9,362.95","6,200.00",13-05-26,
1470,SWING,XQW072,MTARTECH,21,"6,757.26","9,362.95","6,200.00",13-05-26,
1471,SWING,XQW072,QPOWER,150,"1,287.00","1,801.80","1,205.00",14-05-26,
1472,SWING,RA1144,POCL,277,"1,532.00","1,551.24","1,477.00",14-05-26,19-05-26
1473,SWING,UT0149,POCL,86,"1,532.00","1,561.20","1,477.00",14-05-26,19-05-26
1474,SWING,XQW072,QPOWER,115,"1,136.30","1,590.82","1,205.00",15-05-26,
1475,SWING,RA1144,APOLLO,"1,127",352.94,494.12,340.75,20-05-26,
1476,SWING,RA1144,ACUTAAS,156,"2,965.20","4,151.28","2,809.00",21-05-26,
1477,SWING,RA1144,AVALON,134,"1,491.97","2,088.76","1,395.55",21-05-26,
1478,SWING,RA1144,RRKABEL,234,"1,994.81","2,792.73","1,898.00",21-05-26,
1479,SWING,UT0149,RRKABEL,74,"1,994.00","2,792.73","1,898.00",21-05-26,